Date,BTC_Open,BTC_Close,BTC_High,BTC_Low,F&G,Fear & Greed Classification
2025-06-10,109301,109649,109793,109121,71,Greed
2025-06-09,105624,107646,107658,105617,62,Greed
2025-06-08,105471,105662,105662,105112,62,Greed
2025-06-07,104933,105189,105266,104836,52,Neutral
2025-06-06,103193,103978,103978,103193,45,Fear
2025-06-05,104539,104849,104906,104539,57,Greed
2025-06-04,105407,105295,105910,105293,62,Greed
2025-06-03,105236,105291,105347,104982,64,Greed
2025-06-02,105369,104147,105666,104147,64,Greed
2025-06-01,104314,104129,104383,103939,56,Greed
2025-05-31,103763,103503,103778,103398,50,Neutral
2025-05-30,105110,105879,105915,105042,60,Greed
2025-05-29,107918,108781,108851,107896,74,Greed
2025-05-28,108944,108845,109010,108568,71,Greed
2025-05-27,109494,109545,109827,109494,74,Greed
2025-05-26,110070,109760,110078,109684,73,Greed
2025-05-25,107664,107192,107664,106954,74,Greed
2025-05-24,107864,109310,109401,107804,66,Greed
2025-05-23,110708,110221,111253,110221,78,Extreme Greed
2025-05-22,110993,110839,111075,110419,72,Greed
2025-05-21,106677,106557,106715,106185,70,Greed
2025-05-20,105099,105296,105359,104988,71,Greed
2025-05-19,103124,103012,103260,102928,74,Greed
2025-05-18,103753,103902,104002,103753,74,Greed
2025-05-17,103479,103007,103494,102823,74,Greed
2025-05-16,103754,103682,103870,103300,71,Greed
2025-05-15,101843,102254,102265,101769,70,Greed
2025-05-14,103664,103976,103999,103166,73,Greed
2025-05-13,102755,103696,103757,102651,70,Greed
2025-05-12,104346,103972,104601,103972,71,Greed
2025-05-11,103480,104519,104650,103480,70,Greed
2025-05-10,103786,103479,103938,103449,71,Greed
2025-05-09,103776,103000,103776,102697,73,Greed
2025-05-08,99109,99532,99869,99109,65,Greed
2025-05-07,97000,96888.7,97444.2,96669.6,67,Greed
2025-05-06,93777.5,94512.9,94701.1,93333.5,59,Greed
2025-05-05,93997.9,93723.1,94510,93543.9,52,Neutral
2025-05-04,95379.9,95424,95644.2,95187.5,64,Greed
2025-05-03,95894.6,96362.4,96455,95828.9,65,Greed
2025-05-02,96866.5,97263.1,97868,96574.9,67,Greed
2025-05-01,96138.2,96804.4,97383.1,95772,53,Neutral
2025-04-30,95131.3,93951.1,95174.3,92852.4,56,Greed
2025-04-29,95084.4,94792.7,95266,94466.8,60,Greed
2025-04-28,95274.2,93782.2,95564.8,93524,54,Neutral
2025-04-27,93866,93851.6,94130,93538.4,61,Greed
2025-04-26,94101,94333.6,94363.4,93839.8,65,Greed
2025-04-25,94593.2,95012.8,95724.5,93888.8,60,Greed
2025-04-24,92577.5,93160,93420.3,92388.4,63,Greed
2025-04-23,93426.3,93133,94722.9,91911.8,72,Greed
2025-04-22,88581,90876,91366.9,88440,47,Neutral
2025-04-21,86940.4,87992.1,88442.9,86755.5,39,Fear
2025-04-20,84080.1,84296,84627.6,84054.3,37,Fear
2025-04-19,85194,85150,85644.6,85041.6,32,Fear
2025-04-18,84627.3,84329.4,84725.3,84276.1,33,Fear
2025-04-17,84527.3,84499.4,84831.3,83677.4,30,Fear
2025-04-16,84004.8,84799.9,85225.4,83456.7,29,Fear
2025-04-15,85549.9,84863.3,86444,84560.7,38,Fear
2025-04-14,84890,84064.9,85771.1,83639.4,31,Fear
2025-04-13,84478.5,83801.8,84644.4,83413,45,Fear
2025-04-12,83481.1,84977.5,85386.4,83433.5,43,Fear
2025-04-11,82114.7,82494.8,83333,81315.7,25,Extreme Fear
2025-04-10,81836,78734.1,82491.1,78565.8,39,Fear
2025-04-09,76200.1,77234.7,78300,75982.2,18,Extreme Fear
2025-04-08,79955.8,78456,80350,78128,24,Extreme Fear
2025-04-07,76650,78427.5,81216.8,75739.6,23,Extreme Fear
2025-04-06,82812.5,82507.1,82940,82159.7,34,Fear
2025-04-05,83428,82579.5,83526.6,82343,30,Fear
2025-04-04,82617.9,82813.1,83682,81800,28,Fear
2025-04-03,83061.8,81990.1,83116.1,81146,25,Extreme Fear
2025-04-02,84520,86699.3,87297.1,84403.5,44,Fear
2025-04-01,83895,85250,85468.3,82509.7,34,Fear
2025-03-31,82169.3,83377.8,83895.7,81600,34,Fear
2025-03-30,83073.1,82692.9,83225.4,82513.5,32,Fear
2025-03-29,82245,82370.7,82839.9,82086.9,26,Fear
2025-03-28,85200.9,84006.8,85598.4,83927.2,44,Fear
2025-03-27,86900.1,86914.3,87529.1,85695.4,40,Fear
2025-03-26,87919.5,86686.5,87980,86363.1,47,Neutral
2025-03-25,87333.4,87731.2,88200,86872.8,46,Fear
2025-03-24,87646.6,88283.9,88740,87109.2,45,Fear
2025-03-23,84632.8,85141.5,85230.5,84526.4,30,Fear
2025-03-22,84193.9,84067.1,84259,83932.5,32,Fear
2025-03-21,84001.3,83524.7,84323.5,83136.3,31,Fear
2025-03-20,85450.2,84658.5,86488,84510.4,49,Neutral
2025-03-19,83836.8,84694.6,84850,83483.9,32,Fear
2025-03-18,82546.1,81556,82786.1,81093.6,34,Fear
2025-03-17,83473.9,83497.5,83999.9,82400.7,32,Fear
2025-03-16,82346.6,83273.5,83466.4,82338,30,Fear
2025-03-15,84055.1,84299.5,84429.8,83972.3,46,Fear
2025-03-14,83220.1,84714.7,85299.9,82585.4,27,Fear
2025-03-13,82924.3,80999.9,83838,80905.2,45,Fear
2025-03-12,82989.9,81646.6,84489.8,80534.6,34,Fear
2025-03-11,81685.3,81180.4,82257.4,79000,24,Extreme Fear
2025-03-10,83541.9,80011,83743.8,79120,20,Extreme Fear
2025-03-09,84954.3,83037.3,84997.7,82700,27,Fear
2025-03-08,85923.9,86363.9,86602.7,85775,28,Fear
2025-03-07,88946.6,88439.9,91119,87973.6,34,Fear
2025-03-06,91298.6,90779.9,91427.2,89065.3,25,Extreme Fear
2025-03-05,89776.5,88306.1,90930,87843.3,20,Extreme Fear
2025-03-04,83900,82950,84975.9,81413.7,15,Extreme Fear
2025-03-03,92718.3,90048.6,93697,89130,33,Fear
2025-03-02,86055,87416.7,88703.4,85007.7,26,Fear
2025-03-01,84589.2,84747.7,84908.2,84280,20,Extreme Fear
2025-02-28,80461.9,83952.8,84360,80038.9,16,Extreme Fear
2025-02-27,86650.7,85480,86757.1,84614.3,10,Extreme Fear
2025-02-26,88589.3,87499.9,88665.2,85350,21,Extreme Fear
2025-02-25,89220,87250.1,89519.7,86055.5,25,Extreme Fear
2025-02-24,95837.1,94376.8,96111.6,93816.4,49,Neutral
2025-02-23,96120.5,95446.1,96165,95358.5,50,Neutral
2025-02-22,96594.7,96613.2,97056,96502.5,49,Neutral
2025-02-21,98586.3,98074.8,99454.2,97111,55,Greed
2025-02-20,97163.9,96861,98000,96758,49,Neutral
2025-02-19,96407.9,95904.4,96676.5,95500,44,Fear
2025-02-18,95594.4,95518.1,96730.9,95153,47,Neutral
2025-02-17,96019.8,95613.5,96988.3,95514.7,51,Neutral
2025-02-16,97288.2,96850.1,97288.3,96636,54,Neutral
2025-02-15,97581.6,97599.3,97898.8,97370,50,Neutral
2025-02-14,96843.9,96886.3,97569.9,96200,48,Neutral
2025-02-13,95890,95941.2,96439.5,95250,50,Neutral
2025-02-12,96045.3,95767.2,96600,94001.2,46,Fear
2025-02-11,98092.4,96982,98102.8,96551.3,47,Neutral
2025-02-10,97629.9,97188.9,98343.4,96812.1,43,Fear
2025-02-09,96513.4,96447.5,96657.1,95681,46,Fear
2025-02-08,96080,95802.9,96444,95635.8,44,Fear
2025-02-07,97706,98245.5,100120,97139.1,44,Fear
2025-02-06,98829,97292.6,99000,96880,49,Neutral
2025-02-05,98186.2,98064.2,99170,97700.1,54,Neutral
2025-02-04,98923.4,99310.1,100381.1,98248.5,72,Greed
2025-02-03,95052.3,98804,99468.8,94091,44,Fear
2025-02-02,98824.4,99292.7,99364.6,98100,60,Greed
2025-02-01,101966.9,102023.4,102233,101670.3,68,Greed
2025-01-31,104675,105404.7,105998,104050.1,76,Extreme Greed
2025-01-30,105281.5,105516.5,106421.1,104628,70,Greed
2025-01-29,102591.5,101919.3,102781.2,101516.2,72,Greed
2025-01-28,102703.8,102718.8,103800,101767,72,Greed
2025-01-27,98700,101055.2,102270.4,98655.6,71,Greed
2025-01-26,104773.6,104934.4,105053.7,104654.6,73,Greed
2025-01-25,104619.1,104846.5,105072,104405.7,75,Greed
2025-01-24,105384.1,105827.8,106319.3,104622.3,75,Greed
2025-01-23,101921.5,105235.5,106053.4,101277.8,75,Greed
2025-01-22,105112.6,104152.5,105568,103625.7,84,Extreme Greed
2025-01-21,103745.9,103931.7,105340.4,102777.1,76,Extreme Greed
2025-01-20,108271.9,105000,108767.6,104500,76,Extreme Greed
2025-01-19,104344.9,104904,105700,104281.3,77,Extreme Greed
2025-01-18,103538.9,104521.4,104963,103076.7,77,Extreme Greed
2025-01-17,102205.4,103988.4,104219.8,102164.4,75,Greed
2025-01-16,99125.7,99255.6,99498.2,97291,75,Greed
2025-01-15,96722.3,98955.1,99765,96500,70,Greed
2025-01-14,96526.2,96415.4,97247.9,95712.1,63,Greed
2025-01-13,90811.9,92081.1,93050.9,89100,61,Greed
2025-01-12,94211.2,95043.8,95439.9,94120.6,62,Greed
2025-01-11,94574.6,94371.5,94611.2,94258.7,69,Greed
2025-01-10,95019.8,93695.9,95079.9,92161.2,50,Neutral
2025-01-09,93410.1,94210.8,94555,91738,69,Greed
2025-01-08,95101.8,95455.3,96037.9,94571,70,Greed
2025-01-07,100796.4,97905.1,100955.5,97088,78,Extreme Greed
2025-01-06,99238.8,102117.4,102471.7,98612.2,76,Extreme Greed
2025-01-05,97607.6,97990.1,98245.7,97216,72,Greed
2025-01-04,97848.4,97617.4,98122.7,97442.8,73,Greed
2025-01-03,96715.4,97491.8,97631.5,96432,74,Greed
2025-01-02,96717.7,96427,97400,95889.7,70,Greed
2025-01-01,93393.3,94411.6,94481.4,93351.2,66,Greed
2024-12-31,94201.5,95385.1,96322.1,94201.5,64,Greed
2024-12-30,93876.2,92077.1,94232.3,91463.7,65,Greed
2024-12-29,94975.1,94465.8,95188.8,93923.8,73,Greed
2024-12-28,94712.9,94389.8,95302.8,94266.8,72,Greed
2024-12-27,96900,94529.2,96995.7,93930,74,Greed
2024-12-26,95659,95983.3,96240.6,95178.6,79,Extreme Greed
2024-12-25,97890,98494.6,98817.9,97562.6,73,Greed
2024-12-24,94356.3,98255.2,98276.8,94031,73,Greed
2024-12-23,95891.3,93202.7,96391.9,93056,70,Greed
2024-12-22,97047.3,95320.9,97265.6,95056,73,Greed
2024-12-21,98207.7,97464.8,98246.2,96326.7,73,Greed
2024-12-20,92681.1,96941.9,97524.6,92230,74,Greed
2024-12-19,102417.8,100611.4,102742.4,99362.6,75,Greed
2024-12-18,104971.5,104386.1,105309.2,103602.9,81,Extreme Greed
2024-12-17,106816,106454.6,108421.6,105680.9,87,Extreme Greed
2024-12-16,103776.1,106352.6,106545.9,103304.3,83,Extreme Greed
2024-12-15,102660.1,102701.1,103371.7,102480,80,Extreme Greed
2024-12-14,101597.5,101633.9,101770.9,100808,83,Extreme Greed
2024-12-13,100357.4,99820,101350,99630.2,76,Extreme Greed
2024-12-12,100389.6,101832.3,101908.3,100387.7,83,Extreme Greed
2024-12-11,98297.9,100372.5,100800,98066.1,74,Greed
2024-12-10,97759.5,95651,98299,95617,78,Extreme Greed
2024-12-09,98137.5,97847.9,100500,97555,78,Extreme Greed
2024-12-08,99784.9,99986.1,100596.4,99406.1,79,Extreme Greed
2024-12-07,99655,99807.9,99897.9,99063.5,75,Greed
2024-12-06,98101.4,99336.3,99545,97517.5,72,Greed
2024-12-05,102698.1,101382.3,103697.4,101011,84,Extreme Greed
2024-12-04,96283.1,95819.1,96663.9,95432.7,78,Extreme Greed
2024-12-03,95055,95746,96333,93605.4,76,Extreme Greed
2024-12-02,95177.1,97127.8,97304.4,94761,80,Extreme Greed
2024-12-01,97177.1,97094.6,97473,96733,81,Extreme Greed
2024-11-30,96334.8,96704.6,96800,96310,84,Extreme Greed
2024-11-29,97327.3,98084,98735.3,96833.2,78,Extreme Greed
2024-11-28,95524,95070.5,96300,94950.1,77,Extreme Greed
2024-11-27,93431.3,95653.5,95950,92889,75,Greed
2024-11-26,92400.1,92853.7,93624,91783.9,79,Extreme Greed
2024-11-25,98264.1,96053.8,98406.8,94650,82,Extreme Greed
2024-11-24,97340.1,95981.2,97710,95979.9,80,Extreme Greed
2024-11-23,98479.3,98440.1,98935,98417.9,93,Extreme Greed
2024-11-22,98955,98715.2,99037.6,97210,94,Extreme Greed
2024-11-21,98034.8,96739.1,98330.1,95666.1,82,Extreme Greed
2024-11-20,93527.6,94776.2,94898.9,93367.4,83,Extreme Greed
2024-11-19,91719,92453.3,92877,91020,90,Extreme Greed
2024-11-18,90339.9,92444.7,92757.6,89424,83,Extreme Greed
2024-11-17,90771.5,90328.2,91275.2,90000,90,Extreme Greed
2024-11-16,91246.5,90582.2,91390,90125,86,Extreme Greed
2024-11-15,89775.3,88450.5,90787.8,87768.1,80,Extreme Greed
2024-11-14,91549.9,87956.3,91889.7,87817.8,88,Extreme Greed
2024-11-13,87710.2,92625.8,92818.5,87550,84,Extreme Greed
2024-11-12,87255.9,86658.6,87976.4,85150,80,Extreme Greed
2024-11-11,82184.7,84099.8,84381.4,81463.7,76,Extreme Greed
2024-11-10,79933.5,79730.8,80221.8,79200.8,78,Extreme Greed
2024-11-09,76508.1,76321.3,76558.6,76265.1,75,Greed
2024-11-08,75974.4,76464.7,76659.8,75649,75,Greed
2024-11-07,74787,76113.9,76119.9,74522.1,77,Extreme Greed
2024-11-06,74315.7,74308.1,74816.4,73500,70,Greed
2024-11-05,68810.2,69610.2,70329.6,68665.4,70,Greed
2024-11-04,68779.4,68627.2,69246.3,68160.5,70,Greed
2024-11-03,68344.8,68073.3,68565.5,67456.1,74,Greed
2024-11-02,69597.5,69381.7,69687,68981.6,72,Greed
2024-11-01,70034.6,69392.1,71650,69018,75,Greed
2024-10-31,72223.1,70654.5,72280.6,70459,77,Extreme Greed
2024-10-30,72000,72065,72491,71455.1,77,Extreme Greed
2024-10-29,71463.5,72392.3,72443.6,70923.4,72,Greed
2024-10-28,68757,68454.6,69280,68365.2,72,Greed
2024-10-27,67099.1,67760,67837.4,67099,74,Greed
2024-10-26,67104.6,66858,67151.3,66701.5,73,Greed
2024-10-25,68084.6,67653.2,68755,67377.4,72,Greed
2024-10-24,67287.4,67671.5,68000,67256.9,69,Greed
2024-10-23,66398,66203.3,66905.9,65900,71,Greed
2024-10-22,67293.8,67264.9,67678.2,66613.1,70,Greed
2024-10-21,68249.5,67350,68342.4,66853.3,72,Greed
2024-10-20,68396.9,68614.9,68786.9,68177.5,73,Greed
2024-10-19,68064.6,68213.9,68339.3,68059.5,72,Greed
2024-10-18,67678.6,68723.1,68950,67621.6,73,Greed
2024-10-17,66861.3,67566.8,67666.6,66650.1,71,Greed
2024-10-16,67883.9,67735.4,68327,67085.3,73,Greed
2024-10-15,65380,66009.9,67999,64762.1,65,Greed
2024-10-14,64903.5,65862,66283.8,64611.5,48,Neutral
2024-10-13,62536.4,62193.6,62804.7,62012.1,50,Neutral
2024-10-12,62918.9,63132.3,63467.4,62785.9,49,Neutral
2024-10-11,61146.8,62238.3,62449.5,61094.7,32,Fear
2024-10-10,61232.2,60766.5,61288,60412.7,39,Fear
2024-10-09,62173.8,62289.9,62390,61620,49,Neutral
2024-10-08,62600,62255,63189.7,61803.4,49,Neutral
2024-10-07,63115.4,63622.5,64464,62788,50,Neutral
2024-10-06,62074.1,62683.7,62756.4,62034.1,50,Neutral
2024-10-05,62153.5,62135.8,62365.9,62074.1,49,Neutral
2024-10-04,61428.8,61851.4,61988,60753.9,41,Fear
2024-10-03,60740.6,60614.2,60875.9,59840.2,37,Fear
2024-10-02,61137.1,61843.3,61896.9,60502.8,42,Fear
2024-10-01,63704.7,62602.6,63780,61750,50,Neutral
2024-09-30,63793.8,63535.7,64174.9,63436,61,Greed
2024-09-29,65682,65731,65843.8,65556.4,63,Greed
2024-09-28,65766.9,65596.3,65785,65394.5,64,Greed
2024-09-27,65417.5,65953.6,66520,65284,61,Greed
2024-09-26,64375,65197.8,65600,64131,50,Neutral
2024-09-25,63813.2,63466.7,63992.4,63245.7,59,Greed
2024-09-24,63448.1,63123.4,63749.6,62666,54,Neutral
2024-09-23,63396.4,63592.4,63793.3,63035.6,50,Neutral
2024-09-22,62747.1,62628.1,62910.1,62434.1,52,Neutral
2024-09-21,63055.6,63141.2,63287.9,62984.3,54,Neutral
2024-09-20,63426.6,63127,63537.7,62550,54,Neutral
2024-09-19,62608,63121.4,63499.3,62536,49,Neutral
2024-09-18,59825.9,59405.7,60146,59266.1,45,Fear
2024-09-17,59059,61107,61330,58838.5,33,Fear
2024-09-16,58633.6,57867.2,58760,57529.8,39,Fear
2024-09-15,59975.3,60312.9,60392.8,59845.6,51,Neutral
2024-09-14,59670.1,59845.5,59991.8,59596.3,50,Neutral
2024-09-13,57842,59636.5,59697.7,57579,32,Fear
2024-09-12,58035,57474.9,58580.9,57306.6,31,Fear
2024-09-11,56778.6,56673.2,57148.9,55530.1,37,Fear
2024-09-10,57196,56548.9,57497.1,56485.1,33,Fear
2024-09-09,55239.9,55364.9,55810,54760,26,Fear
2024-09-08,54534.3,53670,54549.5,53630.1,29,Fear
2024-09-07,54308.1,54750.5,54812,54308.1,23,Extreme Fear
2024-09-06,55977.3,54020,56997.6,53767,22,Extreme Fear
2024-09-05,56665.9,55950.1,57319.3,55761.7,29,Fear
2024-09-04,56540,58098.7,58130,56130,27,Fear
2024-09-03,59042.8,57700.4,59331.9,57540,26,Fear
2024-09-02,58394.4,58516,58800,58062.9,26,Fear
2024-09-01,58204,58190,58354.2,56913.4,26,Fear
2024-08-31,59094.5,58992.1,59230,58855.7,29,Fear
2024-08-30,59364.9,58055.9,59922,57910,34,Fear
2024-08-29,60033,60747,61148.7,59953.6,29,Fear
2024-08-28,59906.2,58962,60133.6,58255,30,Fear
2024-08-27,62393.8,61695.3,62472.3,61410,48,Neutral
2024-08-26,63821.2,63504.2,63935,63034.8,55,Greed
2024-08-25,63871.7,64110.3,64274.2,63793.2,54,Neutral
2024-08-24,63888.1,63946.3,64224.9,63833.4,56,Greed
2024-08-23,60712.1,61504,62319.7,60712.1,34,Fear
2024-08-22,61300.6,60375,61373.4,60066.5,39,Fear
2024-08-21,59324,59484.1,60201.1,58805,26,Fear
2024-08-20,60488.3,58804.4,60930,58666,30,Fear
2024-08-19,58358.1,58511.7,58946.6,58020,28,Fear
2024-08-18,59987.8,59830,60249.8,59633,31,Fear
2024-08-17,59106.3,59369.4,59666,59068,25,Extreme Fear
2024-08-16,58375.2,58034.5,58894,57472.7,27,Fear
2024-08-15,58726.5,59655.8,59749.9,58446.5,29,Fear
2024-08-14,61255.6,59398.7,61950.3,58769,30,Fear
2024-08-13,58797.4,59449.4,59740,58663.8,31,Fear
2024-08-12,59812.4,60179.8,60691.5,57736,25,Extreme Fear
2024-08-11,60637.1,60099.8,60744.4,59908.3,39,Fear
2024-08-10,60898.2,60490,60921.6,60365,40,Fear
2024-08-09,60632.1,59775.6,61111.1,59488,48,Neutral
2024-08-08,57295.1,59394.1,59494.7,56622,20,Extreme Fear
2024-08-07,56941.4,56079.9,57467.8,55664.2,29,Fear
2024-08-06,55186.1,56396.1,56600,54324.7,17,Extreme Fear
2024-08-05,51302.1,54282.8,55039.8,49521.1,26,Fear
2024-08-04,60870,59060.1,61056.8,58920.5,34,Fear
2024-08-03,61880,60851.7,62154,60789.1,37,Fear
2024-08-02,64639.4,63374.6,65490,62410,57,Greed
2024-08-01,64637.9,62868.2,64938,62616,52,Neutral
2024-07-31,66070.1,66355.4,66821,65940,61,Greed
2024-07-30,66533.9,66209.5,66924.6,65522,67,Greed
2024-07-29,69576.1,68073,70136.9,67621.3,74,Greed
2024-07-28,67825.1,67650,68118,67588,71,Greed
2024-07-27,68203.6,68834.6,69400,68180,72,Greed
2024-07-26,67295,67529,68012.8,66857.6,68,Greed
2024-07-25,64075.8,64764,64997,63378.5,68,Greed
2024-07-24,66361,66156.4,67105.2,66067,69,Greed
2024-07-23,66640.8,66552.2,67347.2,65920.7,71,Greed
2024-07-22,67498.5,67043,67940,66543,70,Greed
2024-07-21,66851.1,67137.3,67498.9,66562.9,74,Greed
2024-07-20,66445,66800,66824.2,66251,74,Greed
2024-07-19,64101.9,65813.8,65881.7,64012.6,60,Greed
2024-07-18,64719.6,63506.8,65086.9,63344.7,61,Greed
2024-07-17,64694.3,64680.5,65384.9,64501.8,69,Greed
2024-07-16,63729.6,64850.7,64955.2,63029.3,65,Greed
2024-07-15,62438.2,62983.6,63295.9,62427.3,52,Neutral
2024-07-14,60070,60061.9,60217.2,59426,33,Fear
2024-07-13,58515.2,58812.6,58888,58408,25,Extreme Fear
2024-07-12,57180,58189.4,58250,57063,25,Extreme Fear
2024-07-11,58735.8,57382.1,59661.5,57235,29,Fear
2024-07-10,58477.1,57675.1,58552.9,57457.9,28,Fear
2024-07-09,57409.2,57450.1,58153.3,56862,27,Fear
2024-07-08,57135.3,55723.9,57635.9,54856,28,Fear
2024-07-07,57428,56795.9,57595.2,56520.6,29,Fear
2024-07-06,56711.6,57294.8,57432.3,56480.7,26,Fear
2024-07-05,55458.4,56630,56656.4,54810,29,Fear
2024-07-04,57744.3,58110,58332.6,56687.5,44,Fear
2024-07-03,60352.4,60140.6,60732.1,59722,50,Neutral
2024-07-02,62803,61911.7,63139.2,61801.9,51,Neutral
2024-07-01,62637.7,63108.3,63133,62464.4,53,Neutral
2024-06-30,61513.6,61679.3,61835,61280.5,47,Neutral
2024-06-29,61070,61086.1,61156,60918.5,30,Fear
2024-06-28,61666.3,61020,61859.6,60695.4,47,Neutral
2024-06-27,61166.6,61561.1,62380,61122.7,40,Fear
2024-06-26,61403.8,61432.9,61940,61131,46,Fear
2024-06-25,61162.7,61779.6,62102.8,60933,30,Fear
2024-06-24,61234.6,60812.6,61673.3,60622.6,51,Neutral
2024-06-23,64310,64064.1,64406.3,64032.8,55,Greed
2024-06-22,64238.3,64273.7,64371.5,64220.4,53,Neutral
2024-06-21,63731.1,63701.7,64339.8,63333,63,Greed
2024-06-20,66156.3,64789.9,66288.2,64616.1,60,Greed
2024-06-19,65179.2,64900.9,65280.1,64710,64,Greed
2024-06-18,65339.6,64660.2,65404,64200,74,Greed
2024-06-17,65778.6,65324.9,65793.2,65058,71,Greed
2024-06-16,66450.2,66670.2,66780.2,66438.7,71,Greed
2024-06-15,66289.9,66284.6,66446.1,66135.4,74,Greed
2024-06-14,67000.4,66362.6,67341,66311.1,74,Greed
2024-06-13,67707,66433.1,68500,66313.9,70,Greed
2024-06-12,67747.1,69712.8,70000,67704.7,72,Greed
2024-06-11,66882.1,66218.9,67272.2,65931.6,74,Greed
2024-06-10,69489,70044.9,70180.6,69234.6,72,Greed
2024-06-09,69385.2,69515.3,69792.5,69240,75,Greed
2024-06-08,69392.4,69452.7,69529.6,69204,72,Greed
2024-06-07,71769.6,71146.9,72169,70668,77,Extreme Greed
2024-06-06,71221.2,71336,71699.9,71039.5,78,Extreme Greed
2024-06-05,71005.4,71617.4,71810,70406,75,Greed
2024-06-04,69004,70485.9,70544.9,68882,73,Greed
2024-06-03,69111.9,69658.3,70344.1,68556,73,Greed
2024-06-02,68260,68138,68498.6,67801.3,73,Greed
2024-06-01,67697.7,67708.9,67913.5,67673.5,72,Greed
2024-05-31,68370.3,67226.7,69077,67200.9,73,Greed
2024-05-30,67819.9,68558.9,68855,67760.1,73,Greed
2024-05-29,67800,67404.9,68325.4,67309.4,72,Greed
2024-05-28,68403.9,68400,68587,67522.1,72,Greed
2024-05-27,68471.9,70439.2,70629.6,68412,74,Greed
2024-05-26,69160,68851.2,69424.5,68647.3,75,Greed
2024-05-25,69097.3,68950,69307,68821.7,76,Extreme Greed
2024-05-24,67362.8,68339.8,68464,66921.1,74,Greed
2024-05-23,70013.6,68129.5,70159.4,67631.7,76,Extreme Greed
2024-05-22,69767.7,70481.6,70658,69466,76,Extreme Greed
2024-05-21,71136,69865.7,71479.1,69690,76,Extreme Greed
2024-05-20,66970.8,67390,67474.4,66708.9,70,Greed
2024-05-19,67299.9,66867.6,67300,66631.2,72,Greed
2024-05-18,67165.2,66771,67200,66469,73,Greed
2024-05-17,66194.7,67160,67443.8,65771.7,74,Greed
2024-05-16,66476.1,65808.9,66770,65330,70,Greed
2024-05-15,62444.8,64674.2,65048.4,62381.1,64,Greed
2024-05-14,61780,61749.4,62288.5,61000.1,66,Greed
2024-05-13,62695.8,62977.3,63197.4,62400.7,57,Greed
2024-05-12,61118.4,61397.1,61554.3,61052.2,56,Greed
2024-05-11,60657.9,61161.9,61500,60605.3,53,Neutral
2024-05-10,63276.3,60899.3,63447.8,60615.9,66,Greed
2024-05-09,61033.6,62123.7,62259.4,60855.1,55,Greed
2024-05-08,62219.2,62268,62820.7,61742.2,64,Greed
2024-05-07,63473.8,63720.2,64305.3,63020.2,68,Greed
2024-05-06,64198,63594.1,64330,62888,71,Greed
2024-05-05,63838.8,64400,64630,63592.5,69,Greed
2024-05-04,63847.6,63584.5,64142.3,63420.2,67,Greed
2024-05-03,59275.8,61653.3,62100,58972,48,Neutral
2024-05-02,58524.3,59225.4,59428.7,58194.1,43,Fear
2024-05-01,57870.1,56860.6,58265.7,56636.5,54,Neutral
2024-04-30,61194.5,60760,61554.6,60500.8,67,Greed
2024-04-29,62240.1,63017.3,63119,61729.9,67,Greed
2024-04-28,63463,63507.5,63862.4,63387.2,65,Greed
2024-04-27,62837.8,62935.3,63389.6,62783.8,67,Greed
2024-04-26,64216.4,63479.1,64798,63301.1,70,Greed
2024-04-25,63815,64103.2,64298.8,62745.2,72,Greed
2024-04-24,66559.4,64596.4,66714.5,64481.1,72,Greed
2024-04-23,66022.4,66398.1,67110,65750,71,Greed
2024-04-22,65847.9,65961.8,66443.8,65562.6,73,Greed
2024-04-21,65201.8,65021.8,65350,64742,72,Greed
2024-04-20,63676.2,64774.9,64949.3,63525.9,66,Greed
2024-04-19,64841.9,64413.9,65421,63789,66,Greed
2024-04-18,62551.8,63465.5,64166.1,61538.2,57,Greed
2024-04-17,62558.7,60270.6,62961,59821.2,67,Greed
2024-04-16,63071.3,61738.7,63433.7,61701,65,Greed
2024-04-15,65837.7,64530.2,66350,63755.9,74,Greed
2024-04-14,64156.2,64166.8,64842.1,63407.7,72,Greed
2024-04-13,67341.6,67660,67937,67150,72,Greed
2024-04-12,70914.1,69375.9,70989.9,69250,79,Extreme Greed
2024-04-11,70002.6,70038.6,71101,69580,76,Extreme Greed
2024-04-10,69084.7,68691.9,69267.2,67506.1,78,Extreme Greed
2024-04-09,70855.1,69324,71033.3,68503.5,80,Extreme Greed
2024-04-08,72446.3,71822.4,72854.5,71305,76,Extreme Greed
2024-04-07,69347.1,69551.3,69894,69192.4,78,Extreme Greed
2024-04-06,67664,68100.9,68311.9,67522,75,Greed
2024-04-05,66490,68214.1,68591,65943,79,Extreme Greed
2024-04-04,66363,67619.8,67909.4,66336.6,70,Greed
2024-04-03,66095.8,65860.1,66950,65657.4,71,Greed
2024-04-02,65686.5,64893.3,66308.3,64620,79,Extreme Greed
2024-04-01,69515,68277.7,70161,68150,79,Extreme Greed
2024-03-31,70453.7,70437.7,70812.8,70343,75,Greed
2024-03-30,70250,70052.9,70331.1,69967.2,75,Greed
2024-03-29,70193.6,69236.4,70740,69000.5,79,Extreme Greed
2024-03-28,70733,71349.9,71615.8,70415.5,80,Extreme Greed
2024-03-27,70307.8,68908,71898,68400,83,Extreme Greed
2024-03-26,70738.4,70320,71213,69333,81,Extreme Greed
2024-03-25,66841.3,69847.2,70122.1,66794.3,75,Greed
2024-03-24,65350,65685.9,65956.8,65201.1,74,Greed
2024-03-23,64674.7,65128.4,65478.9,64272.2,73,Greed
2024-03-22,64229.5,63901.8,64689.7,62556.8,75,Greed
2024-03-21,67058,66588.7,67745,66088,78,Extreme Greed
2024-03-20,63416.4,63615.6,64428,63073,74,Greed
2024-03-19,63127,64090,64213,62420.1,79,Extreme Greed
2024-03-18,68294.3,67504.8,68686.3,66622.9,77,Extreme Greed
2024-03-17,67005.5,67992.8,68188.2,66458.2,79,Extreme Greed
2024-03-16,68292.2,68423.6,68571.2,67544.2,81,Extreme Greed
2024-03-15,67782.6,68198.7,68790,67416.5,83,Extreme Greed
2024-03-14,72954.5,70894.1,73129.3,70591.1,88,Extreme Greed
2024-03-13,73146.2,72671.2,73272.2,71673.6,81,Extreme Greed
2024-03-12,72108,71792.4,73391,70696.2,81,Extreme Greed
2024-03-11,71557.3,72051,72769.4,71414.7,82,Extreme Greed
2024-03-10,69650.3,69253.1,69934.6,68674.8,79,Extreme Greed
2024-03-09,68360,68338.9,68580,68146.2,84,Extreme Greed
2024-03-08,67826.7,67666,70320,67091.7,81,Extreme Greed
2024-03-07,66981.8,67304.2,68008.5,66572,82,Extreme Greed
2024-03-06,67385.2,66538.2,67700,64349.3,75,Greed
2024-03-05,66753.4,66843.9,69387.2,66400,90,Extreme Greed
2024-03-04,65328.1,66526.3,66709.2,64557.1,82,Extreme Greed
2024-03-03,61904.7,62220.1,62729.5,61888.5,83,Extreme Greed
2024-03-02,61905.2,61838.1,62250,61591.3,80,Extreme Greed
2024-03-01,61923.7,61331.4,62763.3,61156.6,80,Extreme Greed
2024-02-29,63035.1,62811.1,63649.1,62056.1,80,Extreme Greed
2024-02-28,59017.7,61006.6,61453,58950.1,82,Extreme Greed
2024-02-27,56590.1,56780,57497.8,56504.9,79,Extreme Greed
2024-02-26,51116,52899.2,52924.4,50980.5,72,Greed
2024-02-25,51672,51538.5,51809.7,51441,74,Greed
2024-02-24,51170.1,51140.7,51222.4,51070,72,Greed
2024-02-23,51262.5,50934.4,51375.3,50771.5,76,Extreme Greed
2024-02-22,51646.7,51610.1,51758.8,50939.9,74,Greed
2024-02-21,50965.7,51166,51459.3,50430,78,Extreme Greed
2024-02-20,52323,51706.3,53120,51350,72,Greed
2024-02-19,52386.1,52157.9,52517.5,52033.8,75,Greed
2024-02-18,51869.1,51821,51999,51564.4,72,Greed
2024-02-17,51726.3,51015.6,51780.2,50652.3,76,Extreme Greed
2024-02-16,52241.7,51914.4,52625,51600.6,72,Greed
2024-02-15,52362.4,51962.1,52879.5,51700.9,72,Greed
2024-02-14,51600,51621.9,52098.4,51320,74,Greed
2024-02-13,49998.7,48749,50004.7,48362.5,79,Extreme Greed
2024-02-12,47919.3,49960.4,49999,47851.2,70,Greed
2024-02-11,48422.7,48148.2,48485,47937.6,71,Greed
2024-02-10,47176.4,47339.5,47388.3,47101.5,74,Greed
2024-02-09,47163.8,47133.7,47749,46603.2,72,Greed
2024-02-08,44678,45409.4,45458.3,44564.8,66,Greed
2024-02-07,42919.7,43047.2,43312.8,42869.9,62,Greed
2024-02-06,42807.5,43224.9,43250,42631,64,Greed
2024-02-05,43184.1,42617.6,43567.9,42563.2,60,Greed
2024-02-04,43039.3,42919,43096.1,42812,60,Greed
2024-02-03,42985.9,43092.4,43167.6,42859.1,60,Greed
2024-02-02,43132,43222.7,43247,42520.3,63,Greed
2024-02-01,42064.2,42477.9,42928,41931,63,Greed
2024-01-31,42625.4,43330,43458.5,42488.9,60,Greed
2024-01-30,43519.7,43353,43890.8,43083.7,61,Greed
2024-01-29,42232.4,42637.6,42642.7,41767.9,55,Greed
2024-01-28,42454.6,42242.1,42541.2,42130.2,54,Neutral
2024-01-27,41741.4,41797.2,41878.4,41692.3,55,Greed
2024-01-26,41263.3,41391.2,41568.9,40880.6,49,Neutral
2024-01-25,40173,39791,40282.8,39587.4,52,Neutral
2024-01-24,40207.2,40046,40298.4,39752,48,Neutral
2024-01-23,38840.9,39194.1,39480,38531.5,50,Neutral
2024-01-22,40819.9,40774,41250,40318,55,Greed
2024-01-21,41720.3,41647.1,41867.8,41590.1,56,Greed
2024-01-20,41580,41567.1,41695.7,41480,52,Neutral
2024-01-19,41474,40900.6,41500,40714.9,51,Neutral
2024-01-18,42555.1,42629.3,42829,42347.5,63,Greed
2024-01-17,42683.9,42478.1,42952.5,42306,60,Greed
2024-01-16,42893.7,43255.9,43354.7,42003.9,64,Greed
2024-01-15,42709.9,42281.4,42985.3,42159.2,52,Neutral
2024-01-14,42840,42909.1,43022,42695.6,60,Greed
2024-01-13,42638.9,43169.3,43259,42522.3,64,Greed
2024-01-12,45968.8,44501.5,46139,44358.4,71,Greed
2024-01-11,47067.1,46822.3,49054.4,46476.1,76,Extreme Greed
2024-01-10,45544,45578.4,45689.4,44301,73,Greed
2024-01-09,46643.9,46875,47080,45500,76,Extreme Greed
2024-01-08,44653.9,44975.3,45413,44296.1,71,Greed
2024-01-07,44076.9,44061,44509.6,43935,71,Greed
2024-01-06,43683.6,43872.1,43935.5,43525.5,70,Greed
2024-01-05,43786,43516.1,44300,42972.2,72,Greed
2024-01-04,43205,44089.9,44390,43121.4,68,Greed
2024-01-03,43736.2,43011.3,43749.9,40210,70,Greed
2024-01-02,45495.9,45230.3,45864.3,44868.2,71,Greed
2024-01-01,42735.1,42825.1,42890,42605.4,65,Greed
2023-12-31,42572,42494.1,42696.7,42376.3,67,Greed
2023-12-30,41929.1,42407.1,42480,41906.8,68,Greed
2023-12-29,42911.6,42293.9,43170,42142.1,65,Greed
2023-12-28,43117,42487.1,43182.7,42439.4,73,Greed
2023-12-27,43072.7,43012.6,43194.9,42729.4,73,Greed
2023-12-26,42721.8,42422.5,42869.7,42236,71,Greed
2023-12-25,43200,43666.9,43874.5,43118.5,73,Greed
2023-12-24,43663.9,43708.1,43909.9,43584.8,71,Greed
2023-12-23,43575.1,43776.9,43899.8,43575.1,70,Greed
2023-12-22,43793.3,43700,43847.4,43414.1,74,Greed
2023-12-21,43969.3,43848.9,44290,43388.7,70,Greed
2023-12-20,42900,44071.7,44355,42791.8,74,Greed
2023-12-19,43013.2,42512.3,43080.4,42255,73,Greed
2023-12-18,41149.2,41278.9,41776.9,40922.1,65,Greed
2023-12-17,41985.2,41838.5,42044.5,41527.9,73,Greed
2023-12-16,42361,42653.5,42664.1,42257.2,67,Greed
2023-12-15,42812.7,41921.7,42818.6,41671.6,70,Greed
2023-12-14,43298,42458.3,43398.6,41190,72,Greed
2023-12-13,41037.9,41974.9,42000,41015,65,Greed
2023-12-12,41620.1,41372.8,42104.8,41170.2,67,Greed
2023-12-11,42362.7,41841.6,42413,41700,74,Greed
2023-12-10,43772.7,43949.9,44028.7,43763.2,74,Greed
2023-12-09,43858.3,44075,44179.4,43758.6,73,Greed
2023-12-08,43708,43785.2,44082.2,43500,72,Greed
2023-12-07,43221.7,43706.6,43972.6,42942.9,72,Greed
2023-12-06,43871.4,43801.2,44320,43738.5,72,Greed
2023-12-05,41744.2,42284.8,42573.1,41711.9,75,Greed
2023-12-04,41610,41286.6,41929.9,41113.7,74,Greed
2023-12-03,39496,39786.1,39836.3,39380.8,73,Greed
2023-12-02,38750.1,38810.7,38887,38724,74,Greed
2023-12-01,38596.7,38419.1,38641,38209,71,Greed
2023-11-30,37882.4,37625,37978.3,37429,74,Greed
2023-11-29,38114.7,37837.3,38297.7,37566,72,Greed
2023-11-28,37261.4,37522,37588,37142.3,68,Greed
2023-11-27,37035.3,36760.8,37106,36732.4,66,Greed
2023-11-26,37694.1,37454.8,37697.7,37255,73,Greed
2023-11-25,37660.3,37710,37746.4,37622.9,73,Greed
2023-11-24,37760.5,38235.5,38435.7,37608,66,Greed
2023-11-23,37385.7,36951.1,37550,36867.3,66,Greed
2023-11-22,36482.4,36487.4,36674.9,36231.1,62,Greed
2023-11-21,37191.6,36994.2,37249.2,36231.2,71,Greed
2023-11-20,37177.2,37481,37570,36620.1,69,Greed
2023-11-19,36466.1,36582.1,36588,36387.9,66,Greed
2023-11-18,36424,36675.6,36699,36374.8,69,Greed
2023-11-17,36396.9,36062,36640,35870.4,63,Greed
2023-11-16,37275.1,36421,37347.7,36241,70,Greed
2023-11-15,36261.9,36428.4,36460,36027.1,60,Greed
2023-11-14,36287.6,36173.6,36719.6,35700,69,Greed
2023-11-13,36849.6,36879.1,36988.8,36535.3,72,Greed
2023-11-12,37088.1,37177.6,37260.3,36950,73,Greed
2023-11-11,37020,37069.6,37300,36978.7,70,Greed
2023-11-10,37107.2,37109,37295.5,36823.6,70,Greed
2023-11-09,36844.7,37143.2,38149,36791.8,69,Greed
2023-11-08,35356.2,35238.9,35503.9,35075,66,Greed
2023-11-07,34650,34742.3,34867,34526.6,68,Greed
2023-11-06,35276.9,35098.4,35299.9,34917.1,74,Greed
2023-11-05,35114.1,34902.7,35197.9,34755.3,70,Greed
2023-11-04,34723.5,34718.7,34819.3,34640.4,68,Greed
2023-11-03,34268.6,34770.1,34864.8,34165.1,65,Greed
2023-11-02,35401.9,34654.3,35494.5,34547.4,72,Greed
2023-11-01,34449.1,34304.8,35258.4,34058,66,Greed
2023-10-31,34514.1,34290.7,34543,34135.5,66,Greed
2023-10-30,34637.3,34675.8,34913.2,34480,68,Greed
2023-10-29,34270,34463.7,34578,34270,72,Greed
2023-10-28,34196.9,34206.5,34258,33920.1,65,Greed
2023-10-27,34067,34008.4,34240.8,33818,70,Greed
2023-10-26,34111.6,34053.7,34397.9,33855.4,71,Greed
2023-10-25,34211.9,34859.9,35089.5,34211.8,72,Greed
2023-10-24,34560.4,33676.1,34869.7,33229.8,66,Greed
2023-10-23,30643.8,30864.5,30969.4,30372,53,Neutral
2023-10-22,29900.7,29809.1,29956.4,29766.5,53,Neutral
2023-10-21,29791.4,29918.3,29979.4,29651,63,Greed
2023-10-20,29825.7,29542,29902.7,29350.5,53,Neutral
2023-10-19,28440.9,28662.7,28799,28404.5,52,Neutral
2023-10-18,28332.7,28230,28392,28125,50,Neutral
2023-10-17,28409.7,28443.9,28569.2,28111.4,52,Neutral
2023-10-16,27736,28049,30625.8,27680,47,Neutral
2023-10-15,26844.3,26879.4,26962.3,26800,45,Fear
2023-10-14,26864,26929.8,26930.4,26840.5,47,Neutral
2023-10-13,26810.1,26697.5,26968,26670.2,44,Fear
2023-10-12,26826.3,26664.6,26854.3,26610,45,Fear
2023-10-11,27182.5,26770.9,27250,26706.8,47,Neutral
2023-10-10,27494.7,27391,27619,27323,50,Neutral
2023-10-09,27452.1,27429.8,27570.1,27339.8,50,Neutral
2023-10-08,27797.8,27882.9,27999,27665.1,50,Neutral
2023-10-07,27926.1,27925.2,27968.6,27881,49,Neutral
2023-10-06,27748,27931,28043.1,27132,50,Neutral
2023-10-05,27715,27537.3,28115,27369.6,48,Neutral
2023-10-04,27561.4,27391.5,27620.6,27311,49,Neutral
2023-10-03,27545.8,27330.4,27571,27217,50,Neutral
2023-10-02,28185.1,28021.7,28591.7,27970,50,Neutral
2023-10-01,27179.2,27137.5,27215.8,27060.3,48,Neutral
2023-09-30,26925.3,26985.4,27082,26897.7,47,Neutral
2023-09-29,26957,26875.3,27106.6,26641,48,Neutral
2023-09-28,26461.8,27006.1,27069.5,26451,46,Fear
2023-09-27,26745.8,26291.7,26838.7,26151,44,Fear
2023-09-26,26262.3,26113.8,26299,26075.6,46,Fear
2023-09-25,26064.2,26227.5,26294.3,25981.6,47,Neutral
2023-09-24,26583.7,26564.5,26615,26550.2,44,Fear
2023-09-23,26566.6,26566.4,26578,26531.9,47,Neutral
2023-09-22,26629.8,26618.8,26687.1,26541.2,43,Fear
2023-09-21,26717.3,26570.1,26767.9,26363,47,Neutral
2023-09-20,27080.4,27169.9,27232,26976,47,Neutral
2023-09-19,27229.1,27410,27470.7,26868,46,Fear
2023-09-18,27185,27256.4,27400,27121,46,Fear
2023-09-17,26555,26534.1,26586.4,26511,46,Fear
2023-09-16,26510.5,26496.1,26564.9,26466.1,43,Fear
2023-09-15,26415.5,26309.7,26514.9,26204.8,45,Fear
2023-09-14,26430.6,26679.5,26797,26314,45,Fear
2023-09-13,26186.1,26226.3,26384.8,25999.1,41,Fear
2023-09-12,26088.4,26191.8,26420.5,26005.3,30,Fear
2023-09-11,25586,25103.4,25746.4,24915,40,Fear
2023-09-10,25784,25765.5,25822.1,25706,40,Fear
2023-09-09,25849.7,25880.3,25912,25784.8,41,Fear
2023-09-08,25825.2,25831.1,25947.9,25770.3,46,Fear
2023-09-07,25697.1,25768.7,25821.5,25601.7,41,Fear
2023-09-06,25722.9,25574,25777.2,25518.4,42,Fear
2023-09-05,25768.2,25746.6,25900,25604.2,40,Fear
2023-09-04,25881,25803.9,25953.1,25713.8,40,Fear
2023-09-03,25930,25859.6,26080,25801.1,40,Fear
2023-09-02,25802.3,25880.1,25975,25772.2,39,Fear
2023-09-01,26031.2,25796.3,26145,25535,40,Fear
2023-08-31,27291.1,26911.4,27304.5,26750,52,Neutral
2023-08-30,27329.3,27190.2,27463.1,26969.5,49,Neutral
2023-08-29,25966.6,27408.9,27696,25953.2,39,Fear
2023-08-28,25987.9,26089.1,26243.5,25977,39,Fear
2023-08-27,26051,26109.1,26170,26046,38,Fear
2023-08-26,26030.5,26038.2,26060,25974.3,38,Fear
2023-08-25,26090.5,25921.6,26301.3,25755,39,Fear
2023-08-24,26433,25985.5,26433,25967.5,41,Fear
2023-08-23,25925.1,26134.9,26180,25801,37,Fear
2023-08-22,26039.3,25926,26086.3,25901.2,37,Fear
2023-08-21,26019,25928.1,26192.3,25794.2,38,Fear
2023-08-20,26164.9,26091,26211.2,25940.2,37,Fear
2023-08-19,25889.1,26203.6,26214.5,25859.9,39,Fear
2023-08-18,26479,25994.5,26486.5,25908.3,37,Fear
2023-08-17,28545.9,27928.5,28570,27862,50,Neutral
2023-08-16,29155.3,29099.2,29207.6,29001.8,52,Neutral
2023-08-15,29359.7,29320.3,29496.1,29303.5,53,Neutral
2023-08-14,29399.3,29587.4,29656.6,29327,50,Neutral
2023-08-13,29377.1,29365.9,29390.1,29350.8,54,Neutral
2023-08-12,29419.9,29422.1,29441.7,29400,54,Neutral
2023-08-11,29432.2,29379.9,29573,29341.4,51,Neutral
2023-08-10,29496.9,29455,29732.3,29375.2,53,Neutral
2023-08-09,29880.9,29750.5,30129,29652.3,50,Neutral
2023-08-08,29425.6,29521.1,29673.4,29333.6,54,Neutral
2023-08-07,29079.6,28852.2,29140.9,28770.7,49,Neutral
2023-08-06,29072.1,29004.9,29072.1,28980,49,Neutral
2023-08-05,29037.1,29027,29076.9,28970.3,50,Neutral
2023-08-04,29156,29255.1,29320,29116,54,Neutral
2023-08-03,29135.1,29246.1,29433,29062.2,52,Neutral
2023-08-02,29555.5,29320.1,29600,29160,53,Neutral
2023-08-01,28850.1,28943.4,28976.4,28555.6,53,Neutral
2023-07-31,29394.3,29231.7,29460.7,29212.2,50,Neutral
2023-07-30,29298.7,29331.4,29444.9,29264.1,52,Neutral
2023-07-29,29256.2,29282.8,29319.6,29249.8,52,Neutral
2023-07-28,29192,29373.6,29545.8,29190.7,52,Neutral
2023-07-27,29493.3,29276.4,29493.4,29222,51,Neutral
2023-07-26,29157.5,29306.1,29341.6,29148,51,Neutral
2023-07-25,29111,29165.6,29324,29068.4,50,Neutral
2023-07-24,29257,29088.7,29257.1,28851,55,Greed
2023-07-23,29872.3,29884.7,29913.8,29837,54,Neutral
2023-07-22,29875.1,29888.7,29894.6,29814.6,52,Neutral
2023-07-21,29767,29847,29895,29765,50,Neutral
2023-07-20,30262.9,29789,30315.3,29563.7,56,Greed
2023-07-19,30004,29941.7,30124.7,29734.6,50,Neutral
2023-07-18,29866.5,29900.6,30018,29660,56,Greed
2023-07-17,30146.2,30160.2,30299.1,30011.5,54,Neutral
2023-07-16,30293.6,30364.8,30445.4,30250.2,57,Greed
2023-07-15,30292,30288.9,30345.8,30235.9,56,Greed
2023-07-14,31201.9,31240.1,31361.5,31044.6,60,Greed
2023-07-13,30525,30905.8,31184.1,30450,57,Greed
2023-07-12,30762.4,30510,30962.2,30451,64,Greed
2023-07-11,30392.7,30583,30811.2,30251.5,57,Greed
2023-07-10,30228.1,30300.1,30360,30131.2,56,Greed
2023-07-09,30260,30335.1,30451,30170,55,Greed
2023-07-08,30189,30194.9,30229.8,30138.7,58,Greed
2023-07-07,30103.8,30379.4,30426.9,30020,55,Greed
2023-07-06,30832.9,30395,30871,29854.5,56,Greed
2023-07-05,30390.2,30347.7,30431.1,30176.6,61,Greed
2023-07-04,31059.5,30958.1,31072,30872.9,64,Greed
2023-07-03,30609.6,31055.7,31173.1,30541.6,62,Greed
2023-07-02,30533.1,30488.2,30626,30138.4,63,Greed
2023-07-01,30515.8,30563.1,30650,30501.4,59,Greed
2023-06-30,30879.6,30051.6,31115.7,29412.8,56,Greed
2023-06-29,30660,30464.1,30830,30380.4,54,Neutral
2023-06-28,30287.2,30403.4,30490,29978,62,Greed
2023-06-27,30720.4,30492.7,30997,30358,59,Greed
2023-06-26,30315.9,30406.5,30649.6,30240.9,55,Greed
2023-06-25,30710.6,30573,30733,30432.6,64,Greed
2023-06-24,30681.5,30397.5,30797.9,30295.1,62,Greed
2023-06-23,30128.4,31228.8,31444,29912,65,Greed
2023-06-22,29917,29838.9,30350,29503.4,65,Greed
2023-06-21,28916.1,29837.4,30000,28863,59,Greed
2023-06-20,26895.2,27054.6,27123.6,26642.1,49,Neutral
2023-06-19,26431.6,26429.9,26577.1,26335.9,47,Neutral
2023-06-18,26485,26547.1,26560,26424.7,49,Neutral
2023-06-17,26489.9,26397.2,26570.5,26282,47,Neutral
2023-06-16,25462.7,25834,25885,25155,47,Neutral
2023-06-15,25004.5,24947,25103,24910.7,41,Fear
2023-06-14,25965.1,25975.4,26073,25908,46,Fear
2023-06-13,26175.1,25748.1,26420,25708.1,45,Fear
2023-06-12,25975.1,25816.2,25980,25719.3,47,Neutral
2023-06-11,25782,25740.4,25800,25667,47,Neutral
2023-06-10,25717,25615.5,25717.1,25562,49,Neutral
2023-06-09,26597.9,26469.2,26770,26440,50,Neutral
2023-06-08,26422.4,26703.1,26810.5,26285.4,50,Neutral
2023-06-07,26884.5,26337.1,26896.7,26232,53,Neutral
2023-06-06,25674.8,26055,26140,25324.2,44,Fear
2023-06-05,26766,25985,26812.2,25965.6,53,Neutral
2023-06-04,27189.9,27165.1,27285,27151,52,Neutral
2023-06-03,27126,27286.9,27324.9,27120,53,Neutral
2023-06-02,27118.7,27088,27265,26828.5,50,Neutral
2023-06-01,26885,26888.3,26974.8,26781.3,52,Neutral
2023-05-31,27086.6,26899.7,27212.5,26817,51,Neutral
2023-05-30,28014.5,27663.2,28025,27603.4,51,Neutral
2023-05-29,27903.2,27622,27937.1,27569,52,Neutral
2023-05-28,27140.8,27257.8,27262,27088,50,Neutral
2023-05-27,26686.8,26677.6,26764.5,26530,48,Neutral
2023-05-26,26455.2,26737.7,26929.9,26341.3,49,Neutral
2023-05-25,26284.8,26216.5,26510,26147.9,51,Neutral
2023-05-24,26734,26307.5,26734.1,26050,50,Neutral
2023-05-23,27330.6,27306.2,27376.5,27155.5,50,Neutral
2023-05-22,26823.6,26860.4,27099.3,26691.5,49,Neutral
2023-05-21,26822.3,26886.8,26967.7,26795,52,Neutral
2023-05-20,26866.1,26929.7,26963,26861.3,48,Neutral
2023-05-19,26846,26870,27172.9,26602.7,48,Neutral
2023-05-18,27391.5,27070.6,27468.6,27000.5,51,Neutral
2023-05-17,26625.9,26783.9,26826.6,26501.4,50,Neutral
2023-05-16,27044.1,27028.3,27126,26882.2,54,Neutral
2023-05-15,27325.2,27380,27526.7,27206,50,Neutral
2023-05-14,26795.7,27064.4,27198.6,26730.4,48,Neutral
2023-05-13,26811,26809.2,26896.5,26724,48,Neutral
2023-05-12,26340,26306.7,26597.9,26250.1,49,Neutral
2023-05-11,27390.7,27166.1,27618,26928.9,52,Neutral
2023-05-10,27657.2,28138.6,28293,27614.1,52,Neutral
2023-05-09,27660,27381.9,27810.6,27333.3,51,Neutral
2023-05-08,27917.9,27872.2,28076,27651.3,60,Greed
2023-05-07,28825.1,28930,29081.7,28825,64,Greed
2023-05-06,29268.1,28567.4,29268.1,28325,60,Greed
2023-05-05,29138.2,29346.1,29436.5,28750,61,Greed
2023-05-04,29144,28856.3,29226.9,28631.2,64,Greed
2023-05-03,28537.9,28297.6,28561,28069.1,64,Greed
2023-05-02,28072.9,28520,28768.6,27891.4,55,Greed
2023-05-01,28507.7,28162.8,28608.8,28051.4,63,Greed
2023-04-30,29183.9,29645,29955,29168.2,60,Greed
2023-04-29,29320,29261,29381.7,29201,64,Greed
2023-04-28,29226.1,29138.9,29471.9,28870,64,Greed
2023-04-27,28922.9,29134,29594.6,28636,59,Greed
2023-04-26,28936.2,29802.5,30062,28936.2,56,Greed
2023-04-25,27376.3,27330,27464,27201.5,53,Neutral
2023-04-24,27536.1,27248.2,27700,27203.7,53,Neutral
2023-04-23,27630,27459.5,27726.7,27302.2,56,Greed
2023-04-22,27278.8,27479.9,27563.1,27216.2,53,Neutral
2023-04-21,28054.5,28038,28299.9,27963,50,Neutral
2023-04-20,28603.1,28489.9,28959.1,28307,52,Neutral
2023-04-19,29308.9,29248.2,29494.6,28824.2,63,Greed
2023-04-18,30386.9,30174.9,30500,30092.9,58,Greed
2023-04-17,29564.1,29360.1,29590.2,29219,69,Greed
2023-04-16,30218.6,30330.1,30360,30154.9,68,Greed
2023-04-15,30377,30320.1,30434.7,30280,68,Greed
2023-04-14,30791.3,30231.3,30860,30070,68,Greed
2023-04-13,30153.1,30432,30600,30128.8,61,Greed
2023-04-12,30006.5,29949.8,30480,29630,65,Greed
2023-04-11,30047.1,30180,30272.1,29960,68,Greed
2023-04-10,28293.5,28419.2,28580,28136.6,62,Greed
2023-04-09,27920.4,27877.3,27958.9,27777.8,61,Greed
2023-04-08,28005.1,28007.1,28036.4,27931,61,Greed
2023-04-07,27826,27932.7,28000,27775.2,64,Greed
2023-04-06,27929.1,28082.2,28173.5,27726.3,63,Greed
2023-04-05,28545.3,28012.4,28750,27832.4,62,Greed
2023-04-04,28269.2,28004.7,28388.6,27920.7,62,Greed
2023-04-03,28240.8,28026.6,28366.5,27923,63,Greed
2023-04-02,28339.2,28117.9,28353.9,28016,63,Greed
2023-04-01,28354.6,28388.1,28429.8,28182.5,61,Greed
2023-03-31,27916.4,28481.9,28675.1,27855.7,63,Greed
2023-03-30,28631.5,28290.4,28682.3,28126.5,60,Greed
2023-03-29,28349.9,28428.4,28594.5,28222.3,57,Greed
2023-03-28,27044.1,26985.8,27196,26820.3,59,Greed
2023-03-27,27875.7,26889.9,27905.1,26474.3,64,Greed
2023-03-26,27848,27792.5,28196.7,27680.4,64,Greed
2023-03-25,27443.8,27636.7,27787.5,27350,64,Greed
2023-03-24,27562.3,27994.1,28249.1,27531.8,61,Greed
2023-03-23,27574.1,28567.9,28780,27264,57,Greed
2023-03-22,28114.7,28579.9,28736,28091,62,Greed
2023-03-21,28030.7,28026,28238.7,27707.9,68,Greed
2023-03-20,28177.4,27684,28245,27569,66,Greed
2023-03-19,27154.9,27546,27766,27087.6,63,Greed
2023-03-18,27443.2,27220,27640,27042,64,Greed
2023-03-17,26914.4,26409,26933,26100,51,Neutral
2023-03-16,24821.2,24880.5,25031,24489.9,52,Neutral
2023-03-15,24778.1,24471.2,25211,24373,50,Neutral
2023-03-14,24743.2,25921.8,26500,24401.4,56,Greed
2023-03-13,22097.1,23999.9,24560,21946.4,49,Neutral
2023-03-12,20436.4,20351.1,20448,20275.8,33,Fear
2023-03-11,20080,20051.9,20198.4,20022.3,33,Fear
2023-03-10,19751.3,19995,20294,19638.3,34,Fear
2023-03-09,21674.9,21637.7,21837.5,21555,44,Fear
2023-03-08,22062.1,22128.1,22227,21865,50,Neutral
2023-03-07,22340.4,22314.1,22485.7,21919,49,Neutral
2023-03-06,22372.1,22538.9,22594.7,22352.7,48,Neutral
2023-03-05,22381.7,22422.8,22488.6,22381.6,47,Neutral
2023-03-04,22336.8,22304.5,22385,22296.2,50,Neutral
2023-03-03,22335.1,22330,22495,22140,50,Neutral
2023-03-02,23412.4,23355,23428.1,23186.4,51,Neutral
2023-03-01,23733.8,23698.5,23886,23554.7,50,Neutral
2023-02-28,23385.4,23512.7,23570.8,23303.9,53,Neutral
2023-02-27,23422.9,23550,23889,23379.6,50,Neutral
2023-02-26,23243.4,23244.7,23320,23117,51,Neutral
2023-02-25,22983,23004,23085.8,22860,52,Neutral
2023-02-24,23887.2,23345,24030,23321.1,53,Neutral
2023-02-23,23780.2,23947.3,24229.3,23590.5,56,Greed
2023-02-22,24160,23720.1,24234.3,23632.3,59,Greed
2023-02-21,24575.7,24559,24789,24360,60,Greed
2023-02-20,24895.2,24951,25149.6,24723.9,58,Greed
2023-02-19,24676.2,24924.9,25071.5,24663.7,60,Greed
2023-02-18,24526.1,24675,24741,24495.1,60,Greed
2023-02-17,23789.4,24128.4,24290,23685.2,61,Greed
2023-02-16,24585,25100.5,25121.9,24301,62,Greed
2023-02-15,22427.3,22802.2,22914.1,22427.3,53,Neutral
2023-02-14,21802.9,22030.4,22310.7,21514.2,50,Neutral
2023-02-13,21596.6,21559.1,21694,21553.8,48,Neutral
2023-02-12,21875.2,21933.6,21990,21755,50,Neutral
2023-02-11,21689,21728.7,21776,21658.9,49,Neutral
2023-02-10,21729.5,21650.4,21900,21500.7,48,Neutral
2023-02-09,22674.5,22599.5,22847.5,22532.5,55,Greed
2023-02-08,23157,22879.5,23198.5,22858.5,58,Greed
2023-02-07,22977.5,22902,23039,22872,54,Neutral
2023-02-06,22881.5,23049.5,23064.5,22737,56,Greed
2023-02-05,23363,23104,23375,22983.5,58,Greed
2023-02-04,23364.5,23415,23587.5,23347,58,Greed
2023-02-03,23543,23603.5,23700,23218,60,Greed
2023-02-02,23824.5,23849,23949.5,23510,60,Greed
2023-02-01,23079.5,22979.5,23142,22940.5,56,Greed
2023-01-31,22855.5,23115,23214,22848,51,Neutral
2023-01-30,23076.5,23179.5,23300.5,22953,61,Greed
2023-01-29,23428.5,23523.5,23664.5,23342.5,55,Greed
2023-01-28,22979.5,23012,23045,22874,52,Neutral
2023-01-27,22970,22931.5,23148,22838,55,Greed
2023-01-26,22992.5,22955,23241.5,22851.5,54,Neutral
2023-01-25,22603,22586,22752,22333.5,51,Neutral
2023-01-24,22917.5,22931.5,23030,22687,52,Neutral
2023-01-23,22907.5,22849.5,23160,22459.5,50,Neutral
2023-01-22,22790.5,22789.5,23083,22622,53,Neutral
2023-01-21,22903,22992,23283,22837,53,Neutral
2023-01-20,20954,21126,21242,20947,51,Neutral
2023-01-19,20725.5,20855,20945,20645,45,Fear
2023-01-18,21192,21025,21673,20800,52,Neutral
2023-01-17,21217.5,21170.5,21626.5,20985,51,Neutral
2023-01-16,20814,20991,21063,20600,45,Fear
2023-01-15,20735.5,20920.5,21000,20658.5,52,Neutral
2023-01-14,20729,20785.5,21243.5,20502,46,Fear
2023-01-13,18909.5,19237,19288,18787,31,Fear
2023-01-12,18193.5,18078,18350,17910.5,30,Fear
2023-01-11,17427,17328.5,17431,17309.5,26,Fear
2023-01-10,17241.5,17308.5,17362.5,17195,26,Fear
2023-01-09,17224,17259.5,17320,17183,25,Extreme Fear
2023-01-08,16921,16990,17010.5,16915,25,Extreme Fear
2023-01-07,16914,16928,16937.5,16904,25,Extreme Fear
2023-01-06,16738,16839,16842.5,16675,26,Fear
2023-01-05,16828.5,16839.5,16870,16747,29,Fear
2023-01-04,16832,16850,16850,16760.5,29,Fear
2023-01-03,16715.5,16679.5,16770,16616,26,Fear
2023-01-02,16731,16731.5,16749.5,16666,27,Fear
2023-01-01,16568.5,16574,16582,16550.5,26,Fear
2022-12-31,16588,16595.5,16650.5,16563.5,25,Extreme Fear
2022-12-30,16503,16563.5,16585,16353,28,Fear
2022-12-29,16600.5,16615,16665,16593.5,28,Fear
2022-12-28,16674,16577,16778,16570,28,Fear
2022-12-27,16824,16792,16839.5,16728,27,Fear
2022-12-26,16852,16806,16856.5,16783,28,Fear
2022-12-25,16820.5,16788.5,16853.5,16713.5,29,Fear
2022-12-24,16823.5,16834,16834,16813,29,Fear
2022-12-23,16841.5,16833.5,16990,16705,27,Fear
2022-12-22,16826.5,16635.5,16836,16609,28,Fear
2022-12-21,16880,16856.5,16918.5,16710,26,Fear
2022-12-20,16801.5,16906,17054,16692,29,Fear
2022-12-19,16720.5,16662.5,16760,16657,29,Fear
2022-12-18,16699,16674.5,16728,16667,26,Fear
2022-12-17,16700,16695.5,16717.5,16638,28,Fear
2022-12-16,17019,16959.5,17078,16870,29,Fear
2022-12-15,17712.5,17419.5,17714.5,17355,31,Fear
2022-12-14,17816.5,18038,18098,17811.5,30,Fear
2022-12-13,17429.5,17744,18000,17386.5,27,Fear
2022-12-12,16977.5,16998,17049,16911.5,27,Fear
2022-12-11,17157,17145.5,17157.5,17124,26,Fear
2022-12-10,17158.5,17200,17210,17128,27,Fear
2022-12-09,17232,17168.5,17348,17055,26,Fear
2022-12-08,16840.5,16907,16948,16792,25,Extreme Fear
2022-12-07,16788,16829,16885,16755.5,29,Fear
2022-12-06,16976,16971,17027,16920,25,Extreme Fear
2022-12-05,17295,17080,17295.5,17012,26,Fear
2022-12-04,16938.5,17017.5,17055,16913,26,Fear
2022-12-03,16940.5,16959,16976,16913.5,27,Fear
2022-12-02,16984.5,16930.5,17100,16769,27,Fear
2022-12-01,17095.5,16969.5,17390,16888.5,27,Fear
2022-11-30,16873,16856.5,16888,16759,29,Fear
2022-11-29,16482.5,16386.5,16494,16320,26,Fear
2022-11-28,16201.5,16136,16297,16109,28,Fear
2022-11-27,16541.5,16561.5,16574,16510,26,Fear
2022-11-26,16564.5,16506.5,16675.5,16477,22,Extreme Fear
2022-11-25,16511,16502.5,16567,16434,20,Extreme Fear
2022-11-24,16567.5,16548.5,16598.5,16450,20,Extreme Fear
2022-11-23,16574.5,16419.5,16587,16332,22,Extreme Fear
2022-11-22,15744,16219.5,16296,15682,22,Extreme Fear
2022-11-21,16079,16123,16286,16023,21,Extreme Fear
2022-11-20,16524,16568,16619,16470,24,Extreme Fear
2022-11-19,16666,16644,16675.5,16627,23,Extreme Fear
2022-11-18,16750.5,16686,16812.5,16604,23,Extreme Fear
2022-11-17,16581,16519,16698,16415,20,Extreme Fear
2022-11-16,16699.5,16433,16708.5,16367,23,Extreme Fear
2022-11-15,16764.5,16967.5,17160,16705,22,Extreme Fear
2022-11-14,16741,16580,17213,16357.5,24,Extreme Fear
2022-11-13,16649.5,16573,16714,16472,22,Extreme Fear
2022-11-12,16857,16920.5,16989.5,16736,21,Extreme Fear
2022-11-11,17340,16860.5,17529,16310,25,Extreme Fear
2022-11-10,16381,17541,17946,16370.5,22,Extreme Fear
2022-11-09,17805.5,17103.5,18048.5,16871.5,29,Fear
2022-11-08,19692.5,19518,19740,19200.5,31,Fear
2022-11-07,20721.5,20760,20794,20612,33,Fear
2022-11-06,21241.5,21234.5,21278,21182.5,40,Fear
2022-11-05,21390,21291.5,21400,21208.5,38,Fear
2022-11-04,20545,20823.5,21293.5,20350,30,Fear
2022-11-03,20119.5,20244,20334.5,20013.5,30,Fear
2022-11-02,20424.5,20399,20449,20357,30,Fear
2022-11-01,20518,20438,20559.5,20318,30,Fear
2022-10-31,20718.5,20392.5,20745,20222,31,Fear
2022-10-30,20762.5,20670,20766,20606.5,34,Fear
2022-10-29,20690,20914.5,20937,20672.5,34,Fear
2022-10-28,20167,20469,20577,19963,30,Fear
2022-10-27,20609.5,20551.5,20822.5,20416,32,Fear
2022-10-26,20600,20830,21009,20335,33,Fear
2022-10-25,19288,19730,19796.5,19253,20,Extreme Fear
2022-10-24,19411,19295,19435.5,19155,22,Extreme Fear
2022-10-23,19145,19181.5,19199.5,19050,23,Extreme Fear
2022-10-22,19164.5,19225,19239.5,19147.5,20,Extreme Fear
2022-10-21,18936.5,19154.5,19159.5,18621.5,23,Extreme Fear
2022-10-20,19201,19249.5,19345,19122,23,Extreme Fear
2022-10-19,19197,19262,19296.5,19061,23,Extreme Fear
2022-10-18,19553.5,19369.5,19661,19280,22,Extreme Fear
2022-10-17,19448,19522,19668,19407,20,Extreme Fear
2022-10-16,19135,19151,19165.5,19100,24,Extreme Fear
2022-10-15,19156.5,19125,19190,19084,24,Extreme Fear
2022-10-14,19586.5,19351,19835,19303.5,24,Extreme Fear
2022-10-13,18743.5,18946,19195,18071,20,Extreme Fear
2022-10-12,19108,19134,19185,18949.5,20,Extreme Fear
2022-10-11,19150,19132.5,19258,18850,24,Extreme Fear
2022-10-10,19323.5,19266,19434.5,19212,22,Extreme Fear
2022-10-09,19462,19524,19534.5,19451.5,22,Extreme Fear
2022-10-08,19528,19483,19530,19412,24,Extreme Fear
2022-10-07,19989.5,19574,20078,19463,23,Extreme Fear
2022-10-06,20236,20002.5,20316,19871.5,26,Fear
2022-10-05,20018,19990.5,20058,19734.5,25,Extreme Fear
2022-10-04,19925,20086.5,20300,19892.5,20,Extreme Fear
2022-10-03,19242,19326,19484.5,19123.5,24,Extreme Fear
2022-10-02,19185,19137,19235,19061,24,Extreme Fear
2022-10-01,19306.5,19321,19395.5,19228,20,Extreme Fear
2022-09-30,19429.5,19739,20165,19135.5,21,Extreme Fear
2022-09-29,19454.5,19282,19465.5,18831,22,Extreme Fear
2022-09-28,18948,19478.5,19489,18937.5,20,Extreme Fear
2022-09-27,20217,19879,20383.5,19863,20,Extreme Fear
2022-09-26,18866,19107,19268,18808,21,Extreme Fear
2022-09-25,19108.5,18978,19130,18821.5,24,Extreme Fear
2022-09-24,19045,19114.5,19213,19004.5,24,Extreme Fear
2022-09-23,18850,18707.5,19065.5,18524.5,20,Extreme Fear
2022-09-22,19222.5,18983.5,19314.5,18787.5,22,Extreme Fear
2022-09-21,19152,19184,19481.5,19080,23,Extreme Fear
2022-09-20,19210.5,19228,19257,18770,23,Extreme Fear
2022-09-19,18673.5,19070.5,19424.5,18666,21,Extreme Fear
2022-09-18,19918.5,19803,20015,19716.5,27,Fear
2022-09-17,19803.5,19947.5,20025,19734,22,Extreme Fear
2022-09-16,19856,19652.5,19865,19435,20,Extreme Fear
2022-09-15,20135.5,19731,20180,19472,28,Fear
2022-09-14,20216,20166.5,20375,20063,27,Fear
2022-09-13,22522.5,20823,22794,20758,34,Fear
2022-09-12,22294,22107.5,22483,22004,25,Extreme Fear
2022-09-11,21598.5,21625.5,21748,21427.5,26,Fear
2022-09-10,21280.5,21210,21356,21113,28,Fear
2022-09-09,20928,21255,21322,20910,22,Extreme Fear
2022-09-08,19297.5,19238,19372.5,19010.5,20,Extreme Fear
2022-09-07,18730,18860.5,18950,18669.5,24,Extreme Fear
2022-09-06,19910,19812.5,19980,19664,22,Extreme Fear
2022-09-05,19695,19844,19938.5,19662,23,Extreme Fear
2022-09-04,19841.5,19782.5,19931.5,19650,20,Extreme Fear
2022-09-03,19797.5,19763.5,19898.5,19750,21,Extreme Fear
2022-09-02,20080,20346.5,20428,20017,25,Extreme Fear
2022-09-01,20064,19774,20085,19649.5,20,Extreme Fear
2022-08-31,20305,20134.5,20425,19852,23,Extreme Fear
2022-08-30,20395.5,19752,20441,19610,27,Fear
2022-08-29,19813.5,20249,20362.5,19800,24,Extreme Fear
2022-08-28,20020.5,20007.5,20039,19797,28,Fear
2022-08-27,20198,19975.5,20229.5,19761,28,Fear
2022-08-26,21182.5,20769,21869,20607.5,27,Fear
2022-08-25,21717,21562,21768.5,21480,25,Extreme Fear
2022-08-24,21431,21602.5,21625,21362.5,25,Extreme Fear
2022-08-23,21440.5,21464,21678.5,21323,28,Fear
2022-08-22,21234.5,21387.5,21428,21062.5,29,Fear
2022-08-21,21509,21409.5,21565,21294,27,Fear
2022-08-20,21225,21288,21328,21191,29,Fear
2022-08-19,21458,21434,21579.5,21250,33,Fear
2022-08-18,23517.5,23442,23581,23344,30,Fear
2022-08-17,23725,23383.5,23742,23310,41,Fear
2022-08-16,24011.5,23883,24072,23665,44,Fear
2022-08-15,24034.5,24220.5,24245.5,23884.5,45,Fear
2022-08-14,24548,24513,24574,24382,47,Neutral
2022-08-13,24425.5,24499,24585,24283.5,46,Fear
2022-08-12,23663,23961,23989,23640.5,42,Fear
2022-08-11,24547,24337,24950,24271.5,41,Fear
2022-08-10,23107,23984.5,24170,22989,31,Fear
2022-08-09,23266,23065,23319,22847.5,42,Fear
2022-08-08,24154,23988,24236.5,23891,30,Fear
2022-08-07,23024.5,23013,23187,23001,30,Fear
2022-08-06,23147,23197,23227,23147,31,Fear
2022-08-05,23386.5,22981.5,23494,22866,31,Fear
2022-08-04,22868.5,22915.5,23124.5,22730,30,Fear
2022-08-03,23387,23343.5,23655,23177,34,Fear
2022-08-02,22865.5,22962,23150,22650,31,Fear
2022-08-01,23213,23320,23490,22939,33,Fear
2022-07-31,23787,23758.5,23840.5,23589,39,Fear
2022-07-30,23942,24509.5,24695,23909,42,Fear
2022-07-29,23719.5,24007,24221,23418,39,Fear
2022-07-28,23104,23731.5,23986,22582,32,Fear
2022-07-27,21190,21508,21522,21152,28,Fear
2022-07-26,21082,20733.5,21189,20691,26,Fear
2022-07-25,21927.5,21886,21992,21680,30,Fear
2022-07-24,22653,22832,22900,22432.5,30,Fear
2022-07-23,22225,22215.5,22384.5,22015,31,Fear
2022-07-22,23600,23282,23765,23220,33,Fear
2022-07-21,22610.5,22646.5,22841.5,22345.5,34,Fear
2022-07-20,23726,24151.5,24277,23566.5,31,Fear
2022-07-19,21974,23113.5,23200,21972.5,30,Fear
2022-07-18,22132.5,22675.5,22779.5,21900,20,Extreme Fear
2022-07-17,21444.5,21160,21490,21078,24,Extreme Fear
2022-07-16,20608.5,20930,20945.5,20581,21,Extreme Fear
2022-07-15,20766,20785,21094.5,20754,15,Extreme Fear
2022-07-14,19730.5,20378,20475,19575,18,Extreme Fear
2022-07-13,19831,19444.5,20193,18867.5,15,Extreme Fear
2022-07-12,19762.5,19881.5,20005,19680.5,16,Extreme Fear
2022-07-11,20466.5,20427,20748.5,20263,22,Extreme Fear
2022-07-10,21298.5,20892.5,21334,20801.5,24,Extreme Fear
2022-07-09,21435,21538.5,21720,21375,24,Extreme Fear
2022-07-08,21571,21947.5,22120,21184,20,Extreme Fear
2022-07-07,20505,20875,21039.5,20368.5,18,Extreme Fear
2022-07-06,20096,20143.5,20373.5,19951,18,Extreme Fear
2022-07-05,19515,19510.5,19583.5,19262.5,19,Extreme Fear
2022-07-04,19791.5,19785.5,20187,19500,14,Extreme Fear
2022-07-03,19077.5,19035.5,19105,18952,11,Extreme Fear
2022-07-02,19185.5,19218,19450,19139,14,Extreme Fear
2022-07-01,19180,19282.5,19670,19113.5,11,Extreme Fear
2022-06-30,19088.5,19126.5,19312,18701.5,11,Extreme Fear
2022-06-29,20092.5,20075,20178,19885.5,13,Extreme Fear
2022-06-28,20989.5,20601.5,21120,20578,10,Extreme Fear
2022-06-27,21298.5,20745,21334,20581.5,12,Extreme Fear
2022-06-26,21696,21310.5,21880,21177.5,14,Extreme Fear
2022-06-25,21328.5,20959.5,21368,20900,14,Extreme Fear
2022-06-24,21159,20882,21472,20808.5,11,Extreme Fear
2022-06-23,20630.5,20341,20816.5,20260.5,11,Extreme Fear
2022-06-22,20492,20078,20885.5,20012,11,Extreme Fear
2022-06-21,20952,21376,21722,20841,9,Extreme Fear
2022-06-20,20790.5,20815,21125,20355,9,Extreme Fear
2022-06-19,19682,19820,19950,19133,6,Extreme Fear
2022-06-18,19232,18943,19281.5,18920,6,Extreme Fear
2022-06-17,20969.5,20666,21037.5,20386,9,Extreme Fear
2022-06-16,21033,21072,21504.5,20744,7,Extreme Fear
2022-06-15,21161.5,21406.5,21796,21034,7,Extreme Fear
2022-06-14,21978,22675.5,22799,21794,8,Extreme Fear
2022-06-13,23709,23254,24368,22560.5,11,Extreme Fear
2022-06-12,27446,28071.5,28321,26847,14,Extreme Fear
2022-06-11,28734,28395.5,28890,28159,12,Extreme Fear
2022-06-10,30008,29440,30175,29207.5,13,Extreme Fear
2022-06-09,30288,30291,30378.5,29896,11,Extreme Fear
2022-06-08,30410.5,30467,30900,30038,17,Extreme Fear
2022-06-07,29503,29877.5,30030,29388,15,Extreme Fear
2022-06-06,31383.5,31536,31750,31140,13,Extreme Fear
2022-06-05,29708.5,29951.5,29959.5,29615,10,Extreme Fear
2022-06-04,29668.5,29839,30000,29468,14,Extreme Fear
2022-06-03,29750,29493.5,29890.5,29250,10,Extreme Fear
2022-06-02,30151.5,30190.5,30388,29584.5,13,Extreme Fear
2022-06-01,31590.5,30747.5,31894.5,30706.5,17,Extreme Fear
2022-05-31,31741.5,32032.5,32175,31216,16,Extreme Fear
2022-05-30,30657,30619,30981.5,30230.5,10,Extreme Fear
2022-05-29,29201.5,29209.5,29500,29152,14,Extreme Fear
2022-05-28,28816.5,28969,29260,28786,13,Extreme Fear
2022-05-27,28902.5,28831.5,29362,28647,12,Extreme Fear
2022-05-26,28998.5,29368.5,29527.5,27950,12,Extreme Fear
2022-05-25,29403.5,29620.5,29908,29324,11,Extreme Fear
2022-05-24,29287.5,29373,29657.5,28659,12,Extreme Fear
2022-05-23,30379.5,30357.5,30600,29941.5,10,Extreme Fear
2022-05-22,29887,29833,30241,29661.5,14,Extreme Fear
2022-05-21,29272.5,29529.5,29635,29180,13,Extreme Fear
2022-05-20,30401.5,29130,30444,29043,13,Extreme Fear
2022-05-19,29471,30378,30551,29320,13,Extreme Fear
2022-05-18,29811.5,28964.5,29880,28833,12,Extreme Fear
2022-05-17,30308.5,30140,30741,29898,8,Extreme Fear
2022-05-16,29931,29649.5,30310.5,29286,14,Extreme Fear
2022-05-15,30230.5,30003,30550,29761,10,Extreme Fear
2022-05-14,29059.5,28812,29245.5,28630.5,9,Extreme Fear
2022-05-13,30639.5,30327,31000,30185.5,10,Extreme Fear
2022-05-12,28469,29029.5,29811.5,27888.5,12,Extreme Fear
2022-05-11,31515.5,30967.5,32060,29000,12,Extreme Fear
2022-05-10,31619.5,31310,32385.5,30837.5,10,Extreme Fear
2022-05-09,33102.5,32343.5,33450,32029.5,11,Extreme Fear
2022-05-08,34776.5,34366.5,34839.5,34275,18,Extreme Fear
2022-05-07,36044.5,35944,36070,35846,23,Extreme Fear
2022-05-06,35770.5,35980,36423,35200,22,Extreme Fear
2022-05-05,39499.5,36884.5,39549,36190,27,Fear
2022-05-04,38992.5,38968,39183,38648,21,Extreme Fear
2022-05-03,38549,38329.5,38585,38153,27,Fear
2022-05-02,38524.5,38696,39255.5,38230,28,Fear
2022-05-01,37926.5,38467,38650,37820,22,Extreme Fear
2022-04-30,38572.5,38448.5,38623.5,38129,20,Extreme Fear
2022-04-29,38734,38986.5,39374,38623,23,Extreme Fear
2022-04-28,39668.5,39430,40326,38863.5,24,Extreme Fear
2022-04-27,38989,38984,39479,38377.5,21,Extreme Fear
2022-04-26,40456.5,38545,40611.5,38521,27,Fear
2022-04-25,38793,38984.5,39422,38604,23,Extreme Fear
2022-04-24,39603.5,39633.5,39914.5,39351,24,Extreme Fear
2022-04-23,39578.5,39770,39798,39521,24,Extreme Fear
2022-04-22,40558,39416.5,40627.5,39284,26,Fear
2022-04-21,42422,42140,42950,42125,27,Fear
2022-04-20,42051.5,41245.5,42149,41054,27,Fear
2022-04-19,40669,41444,41769.5,40645,27,Fear
2022-04-18,38970.5,39244.5,39670,38970,24,Extreme Fear
2022-04-17,40443,40424,40562,40193.5,28,Fear
2022-04-16,40386.5,40058.5,40551.5,39972.5,28,Fear
2022-04-15,40200,40402,40849,39854,22,Extreme Fear
2022-04-14,40912.5,39942,41290.5,39900,28,Fear
2022-04-13,39706.5,41140,41400,39600,25,Extreme Fear
2022-04-12,40349,40154,40713,39773,20,Extreme Fear
2022-04-11,41060,40575,41240,40550,32,Fear
2022-04-10,42664.5,42727.5,42823,42520,34,Fear
2022-04-09,42427,42225,42500,42163.5,30,Fear
2022-04-08,43296,43636,43942.5,42750,37,Fear
2022-04-07,43739.5,43309.5,43883,42990,34,Fear
2022-04-06,44796.5,44158.5,44986,43697,48,Neutral
2022-04-05,46691.5,45762,47190,45660,53,Neutral
2022-04-04,46154.5,45641,46380,45558,52,Neutral
2022-04-03,46252.5,46404.5,46730,46195,48,Neutral
2022-04-02,46551,46301,46947.5,46118,52,Neutral
2022-04-01,45050,46500,46697,44650,50,Neutral
2022-03-31,47144.5,46468.5,47589.5,46200,52,Neutral
2022-03-30,47307.5,47143,47330,46873,55,Greed
2022-03-29,47860,47420,48068.5,47319.5,56,Greed
2022-03-28,47220,47400.5,47914.5,47100,60,Greed
2022-03-27,44549.5,44819.5,44900,44418,49,Neutral
2022-03-26,44316.5,44193,44385,44150,51,Neutral
2022-03-25,44530.5,44318,45055.5,44184.5,47,Neutral
2022-03-24,42931.5,43951.5,44000,42556,40,Fear
2022-03-23,42036,42575,42700,41880,31,Fear
2022-03-22,42945,42552,43204.5,42530,26,Fear
2022-03-21,41221,41197,41537,40750,30,Fear
2022-03-20,41589.5,41340.5,41681,41150,31,Fear
2022-03-19,41711,41910,42050,41650,28,Fear
2022-03-18,40366,40897,41030.5,40263,25,Extreme Fear
2022-03-17,40735.5,40793.5,41180.5,40718.5,27,Fear
2022-03-16,40495.5,40618.5,41293,40240,24,Extreme Fear
2022-03-15,38631,38987,39252.5,38456,21,Extreme Fear
2022-03-14,38916,38944,39155,38566,23,Extreme Fear
2022-03-13,38740,38924.5,39047,38365,21,Extreme Fear
2022-03-12,39057.5,39025,39221,38659,22,Extreme Fear
2022-03-11,39909,39059.5,40250,38901,22,Extreme Fear
2022-03-10,39057.5,39144.5,40371,38486,28,Fear
2022-03-09,42152,42519.5,42698,41655,22,Extreme Fear
2022-03-08,38957,38624.5,39186,38309,21,Extreme Fear
2022-03-07,38326,39055.5,39278,38326,23,Extreme Fear
2022-03-06,38315.5,38831,39030.5,38278.5,22,Extreme Fear
2022-03-05,39120.5,39145,39449,38880,22,Extreme Fear
2022-03-04,41634.5,40698.5,41800,40500,33,Fear
2022-03-03,43370.5,42519.5,44065,42320,39,Fear
2022-03-02,44087,44107,45372,43334,52,Neutral
2022-03-01,43579.5,43626,44900,43332.5,51,Neutral
2022-02-28,38310,40798.5,40927,37845,20,Extreme Fear
2022-02-27,39459.5,39322.5,39892.5,38431.5,26,Fear
2022-02-26,38925,39183.5,39404,38773,26,Fear
2022-02-25,38719,39394.5,39676.5,38655,27,Fear
2022-02-24,35428,35895.5,36234,35054.5,23,Extreme Fear
2022-02-23,38759,38479.5,39240,38422,25,Extreme Fear
2022-02-22,37476,37732,38375.5,37240,20,Extreme Fear
2022-02-21,37549.5,38780,39368,37162,25,Extreme Fear
2022-02-20,38325.5,38327.5,38599,38007.5,27,Fear
2022-02-19,39837,39957,40054.5,39650,25,Extreme Fear
2022-02-18,40150.5,39840,40782,39618,30,Fear
2022-02-17,43196,41925,43348,41700,52,Neutral
2022-02-16,44164,43577.5,44184.5,43265,51,Neutral
2022-02-15,44230,44210.5,44480,44024.5,46,Fear
2022-02-14,42120.5,42543,42790,41958,46,Fear
2022-02-13,42436.5,42550.5,42750,42125,44,Fear
2022-02-12,42390,42097,42425.5,41800,44,Fear
2022-02-11,43330,43621,43876,43252,50,Neutral
2022-02-10,44809,44913.5,45774,43150,50,Neutral
2022-02-09,43710.5,43855,44448,43624.5,54,Neutral
2022-02-08,43975.5,43410,43976,42770.5,48,Neutral
2022-02-07,42684.5,43809.5,43900,42465,45,Fear
2022-02-06,41503.5,41485,42240,41110,37,Fear
2022-02-05,41435.5,41730,41847,41308,33,Fear
2022-02-04,37820.5,39479.5,39888,37310,20,Extreme Fear
2022-02-03,36750,36867,36950,36220,20,Extreme Fear
2022-02-02,38481.5,37432,38707.5,37368,28,Fear
2022-02-01,38421,38607,39000,38155.5,26,Fear
2022-01-31,37244.5,37660,37870,36781,20,Extreme Fear
2022-01-30,38088.5,37937.5,38120,37724,29,Fear
2022-01-29,37727.5,37542,38150,37256,24,Extreme Fear
2022-01-28,36424.5,37173,37284.5,36172.5,24,Extreme Fear
2022-01-27,36662,36621.5,37223,36471,20,Extreme Fear
2022-01-26,38041.5,37981,38469,37599,23,Extreme Fear
2022-01-25,36382.5,36515,37150,35944,12,Extreme Fear
2022-01-24,33703.5,34196,34360,32906,13,Extreme Fear
2022-01-23,35677,35283,36028.5,35031,11,Extreme Fear
2022-01-22,35379.5,34825.5,36189,34804,13,Extreme Fear
2022-01-21,38870.5,38805,38998,37605.5,19,Extreme Fear
2022-01-20,42128,43253.5,43394.5,41946.5,24,Extreme Fear
2022-01-19,42020,41989.5,42546,41855,24,Extreme Fear
2022-01-18,41864,41592.5,41927,41300,24,Extreme Fear
2022-01-17,42658,42483.5,42786,42384.5,22,Extreme Fear
2022-01-16,42987.5,43210,43380,42601,21,Extreme Fear
2022-01-15,42993,43363.5,43394.5,42563,23,Extreme Fear
2022-01-14,42031.5,43050,43300,41743,21,Extreme Fear
2022-01-13,43619,43197.5,44366.5,42847.5,21,Extreme Fear
2022-01-12,42897.5,43547.5,44209,42850,22,Extreme Fear
2022-01-11,41821.5,41732.5,42170,41279,21,Extreme Fear
2022-01-10,41567.5,40986,41614.5,39655,23,Extreme Fear
2022-01-09,41844,41632,41908.5,41076,23,Extreme Fear
2022-01-08,41943.5,41609.5,42100,41358,10,Extreme Fear
2022-01-07,42259,41339.5,42774,40517.5,18,Extreme Fear
2022-01-06,42858.5,42950,43220,42652,15,Extreme Fear
2022-01-05,46287,46600,46826.5,45910.5,24,Extreme Fear
2022-01-04,46706,46911,47475,46423,23,Extreme Fear
2022-01-03,47367,46697,47576.5,46535,29,Fear
2022-01-02,47218.5,47312.5,47436.5,46990,29,Fear
2022-01-01,46768.5,47176.5,47480,46768,21,Extreme Fear
2021-12-31,47971.5,47973,48136.5,47816,28,Fear
2021-12-30,47475.5,47130.5,47685,47101.5,22,Extreme Fear
2021-12-29,47751,47953,48040,46511,27,Fear
2021-12-28,49203.5,48947,49345.5,48143,41,Fear
2021-12-27,50739,51432.5,51812,50601.5,40,Fear
2021-12-26,49735,50039.5,50260.5,49663,37,Fear
2021-12-25,50659.5,50685,50888,50659.5,39,Fear
2021-12-24,50980,50924.5,51220,50402,41,Fear
2021-12-23,48371,48780,48850,48346,34,Fear
2021-12-22,48981.5,48898,49118,48418,45,Fear
2021-12-21,48851.5,48420,49299,48280,27,Fear
2021-12-20,46100.5,45950,46349,45479.5,25,Extreme Fear
2021-12-19,47170.5,47231.5,48390,46878,29,Fear
2021-12-18,47050,46854.5,47202.5,46555,24,Extreme Fear
2021-12-17,47100,46483.5,47342.5,45280,23,Extreme Fear
2021-12-16,49179,48581,49367.5,48249,29,Fear
2021-12-15,48134.5,46608.5,48297.5,46584,28,Fear
2021-12-14,47595.5,46825,47920,46600,21,Extreme Fear
2021-12-13,48810.5,47250.5,48976.5,47029.5,28,Fear
2021-12-12,49114,49558.5,49900,49100,27,Fear
2021-12-11,48217.5,48754,48901,48156.5,16,Extreme Fear
2021-12-10,48684.5,47975,50149.5,47738.5,24,Extreme Fear
2021-12-09,49152,48439.5,49669,48050,29,Fear
2021-12-08,49182,50622,51232.5,48514,28,Fear
2021-12-07,51426.5,51701.5,51923.5,50529.5,25,Extreme Fear
2021-12-06,48550,48941.5,48942,47800,16,Extreme Fear
2021-12-05,49234,47930,49622,47736,18,Extreme Fear
2021-12-04,46480,48182.5,48522,46479.5,25,Extreme Fear
2021-12-03,57024.5,56058,57690,55814.5,31,Fear
2021-12-02,56384.5,56550,57375,56082,32,Fear
2021-12-01,57175.5,58638.5,58840,57023,34,Fear
2021-11-30,57624.5,57189.5,59200,57188,40,Fear
2021-11-29,56901,57136.5,57522.5,56874,33,Fear
2021-11-28,54524.5,54321,54653,54080,27,Fear
2021-11-27,54635.5,54899,55218.5,54536,21,Extreme Fear
2021-11-26,53767.5,54365.5,54881.5,53563,47,Neutral
2021-11-25,58035,59078.5,59200,57968,32,Fear
2021-11-24,56683.5,56780,57193,55935,42,Fear
2021-11-23,56139,56892.5,57740,56139,33,Fear
2021-11-22,57228.5,58217.5,59692,56601,50,Neutral
2021-11-21,58741,59240,59349.5,58711,49,Neutral
2021-11-20,58645,57645.5,58839,57550,43,Fear
2021-11-19,57036,57874.5,58179.5,56753,34,Fear
2021-11-18,59243.5,58145.5,59960,57556.5,54,Neutral
2021-11-17,60780,59640.5,60800,59377,52,Neutral
2021-11-16,60600,60702,61428,60055.5,71,Greed
2021-11-15,65755,64330.5,65951.5,64200,72,Greed
2021-11-14,64479.5,64103.5,64800,64050,74,Greed
2021-11-13,63609.5,64667,64812.5,63512.5,72,Greed
2021-11-12,63809,63242,64244,62950,74,Greed
2021-11-11,65268,64832,65495,64454.5,77,Extreme Greed
2021-11-10,66623,68362,69138.5,65600,75,Greed
2021-11-09,67646.5,66830.5,68165.5,66500,84,Extreme Greed
2021-11-08,66037,66428.5,66700,65238.5,75,Greed
2021-11-07,61958,61986,62200,61792.5,73,Greed
2021-11-06,60412,60669,60761.5,60150,71,Greed
2021-11-05,61320,60844.5,61961,60800,73,Greed
2021-11-04,61514,61111,62392.5,60859,73,Greed
2021-11-03,63167,62194.5,63167.5,61600,76,Extreme Greed
2021-11-02,62990.5,63969.5,64258.5,62990.5,73,Greed
2021-11-01,61862.5,61607.5,62200,61360,74,Greed
2021-10-31,60508.5,60550,60865.5,60000,74,Greed
2021-10-30,61650.5,61384.5,62277.5,60700,73,Greed
2021-10-29,60954,62325,62586,60740,70,Greed
2021-10-28,60968.5,61175,61900,60909,66,Greed
2021-10-27,58681.5,58876,59479,58312,73,Greed
2021-10-26,62816,62580,62917,61892.5,76,Extreme Greed
2021-10-25,62800,63610,63641.5,62635,72,Greed
2021-10-24,60363,59951.5,60900,59654,73,Greed
2021-10-23,61572,61465,61753.5,60738.5,74,Greed
2021-10-22,63349,60735,63700,60511,75,Greed
2021-10-21,64923.5,63029.5,65660,61880,84,Extreme Greed
2021-10-20,63877.5,66934.5,67210,63865,82,Extreme Greed
2021-10-19,62200,62446.5,63319.5,61367.5,75,Greed
2021-10-18,60989.5,62003.5,62240,59917,78,Extreme Greed
2021-10-17,61034.5,60800,61297.5,60543,79,Extreme Greed
2021-10-16,61724,60986,61724,60500,78,Extreme Greed
2021-10-15,59560.5,60039.5,60500,59235.5,71,Greed
2021-10-14,57653,57374.5,57947.5,56915.5,70,Greed
2021-10-13,55213,56160.5,56439.5,54550.5,70,Greed
2021-10-12,57244,56368.5,57470,56100,78,Extreme Greed
2021-10-11,56433.5,57467.5,57671,56190,71,Greed
2021-10-10,55200,55380.5,55582,54638,71,Greed
2021-10-09,54831,54994.5,55550,54831,72,Greed
2021-10-08,55302.5,54359.5,55354,54050.5,74,Greed
2021-10-07,54353.5,53948.5,54747,53357,76,Extreme Greed
2021-10-06,51300,55038,56413,51261,68,Greed
2021-10-05,49847,49785.5,50320,49607,59,Greed
2021-10-04,47571.5,47761,48500,46902.5,54,Neutral
2021-10-03,47959.5,47839.5,48133.5,47783.5,49,Neutral
2021-10-02,47670,47823,48315,47623.5,54,Neutral
2021-10-01,47486.5,47330,47890,46788,27,Fear
2021-09-30,43050,43140,43773,42847,20,Extreme Fear
2021-09-29,42365,41682.5,42550,41611.5,24,Extreme Fear
2021-09-28,42090.5,41470.5,42590.5,41285.5,25,Extreme Fear
2021-09-27,43747,43299,44085,43053,26,Fear
2021-09-26,43047,43293,43439,43046.5,27,Fear
2021-09-25,42480.5,42639.5,42743,42150,28,Fear
2021-09-24,41533,41958.5,42703,40874,33,Fear
2021-09-23,43580,43717,44188,43365,27,Fear
2021-09-22,41924,43200,43294,41880,21,Extreme Fear
2021-09-21,43253.5,43075,43494.5,42169,27,Fear
2021-09-20,43750,43852,44160.5,42500,50,Neutral
2021-09-19,47370,47678,47744,47100,53,Neutral
2021-09-18,48321,48409.5,48648.5,48220,50,Neutral
2021-09-17,47426,47530.5,47656,47150,48,Neutral
2021-09-16,47908.5,48028,48222,47250,53,Neutral
2021-09-15,47477.5,48226.5,48227,47280,49,Neutral
2021-09-14,45945,46672,46871.5,45675,30,Fear
2021-09-13,44875,44353,46900,43199.5,44,Fear
2021-09-12,46048.5,45893.5,46248.5,45715,32,Fear
2021-09-11,45566,45551.5,45780.5,45377,31,Fear
2021-09-10,46324.5,45445,46478,44711.5,46,Fear
2021-09-09,46287.5,46985,47208.5,45657.5,45,Fear
2021-09-08,46386,46076.5,46891,45648.5,47,Neutral
2021-09-07,51001,46678.5,51145,42330,79,Extreme Greed
2021-09-06,51439.5,51640,51730,51083.5,79,Extreme Greed
2021-09-05,50177.5,50165.5,50418,50026.5,73,Greed
2021-09-04,49959,49909,50319,49805.5,72,Greed
2021-09-03,50195.5,50540,51037.5,49908.5,74,Greed
2021-09-02,50070,49590.5,50400,49257.5,74,Greed
2021-09-01,47680.5,47505,47817.5,47307,71,Greed
2021-08-31,47948.5,47449.5,48233,47223.5,73,Greed
2021-08-30,47949.5,48100,48142,47460,73,Greed
2021-08-29,48203,48480,48542,48144,72,Greed
2021-08-28,48716.5,48800,48963,48411,78,Extreme Greed
2021-08-27,47450.5,48181,48411,47074,71,Greed
2021-08-26,46901,46818,47443,46300,75,Greed
2021-08-25,47605.5,48754,48800,47345,73,Greed
2021-08-24,49459,48383.5,49472.5,48295.5,79,Extreme Greed
2021-08-23,50342.5,49547.5,50398.5,49305.5,79,Extreme Greed
2021-08-22,49131,48550,49213,47974.5,76,Extreme Greed
2021-08-21,48510.5,49190,49449,48460,78,Extreme Greed
2021-08-20,46944.5,48699.5,48776,46891,70,Greed
2021-08-19,44250.5,45773,45780.5,44175,70,Greed
2021-08-18,44765.5,45799.5,45823.5,44681,73,Greed
2021-08-17,46857.5,45739.5,47035,45695.5,72,Greed
2021-08-16,47523,46368,47720,45950,72,Greed
2021-08-15,45973.5,46191.5,46540.5,45510,71,Greed
2021-08-14,46600,46922,46970,46150,76,Extreme Greed
2021-08-13,46124,46350,46635,46124,70,Greed
2021-08-12,44776,44218.5,44978.5,43946,70,Greed
2021-08-11,45924,46418.5,46728.5,45822,70,Greed
2021-08-10,45388,45184,46120,44900,71,Greed
2021-08-09,45915.5,45870,46386,45259,65,Greed
2021-08-08,44455,43976.5,45189.5,43728.5,74,Greed
2021-08-07,43811.5,43364.5,44577,43116,69,Greed
2021-08-06,40505,42210,42620,40250.5,52,Neutral
2021-08-05,38028,38749.5,39363,37281,50,Neutral
2021-08-04,38145,39269,39599,38145,42,Fear
2021-08-03,38494,38185.5,38688.5,37650,48,Neutral
2021-08-02,39535,39703,39841,38845,48,Neutral
2021-08-01,41596.5,41312,41825,41157,60,Greed
2021-07-31,41588.5,41530,41733,41078.5,60,Greed
2021-07-30,38645.5,39039.5,39155.5,38582.5,53,Neutral
2021-07-29,39765,39928,40179,39451,50,Neutral
2021-07-28,40730,39653.5,40830,39310,50,Neutral
2021-07-27,38027.5,38217,38745,37705,32,Fear
2021-07-26,38490.5,38559,38877,37953,26,Fear
2021-07-25,34378.5,34182.5,34390,33870.5,27,Fear
2021-07-24,33825,33833,33982,33702.5,22,Extreme Fear
2021-07-23,32300.5,32315.5,32569,32248,23,Extreme Fear
2021-07-22,31882.5,32455.5,32540,31744.5,21,Extreme Fear
2021-07-21,31533.5,31922.5,31961.5,31429.5,10,Extreme Fear
2021-07-20,29664,29855,29947,29278.5,19,Extreme Fear
2021-07-19,31289.5,30661.5,31369.5,30412,24,Extreme Fear
2021-07-18,31798,31377,31844.5,31122,19,Extreme Fear
2021-07-17,31399.5,31725,31756,31357,15,Extreme Fear
2021-07-16,31113.5,32085,32150,31102,22,Extreme Fear
2021-07-15,31920,31703,32163,31480,20,Extreme Fear
2021-07-14,32428.5,32780.5,32925,32293,21,Extreme Fear
2021-07-13,33039,32772.5,33039,32310,20,Extreme Fear
2021-07-12,33556,33392,33636,33354.5,25,Extreme Fear
2021-07-11,33777,33896.5,33961,33664.5,20,Extreme Fear
2021-07-10,33776.5,33848.5,33917.5,33642.5,20,Extreme Fear
2021-07-09,32750.5,33530,33648.5,32644,20,Extreme Fear
2021-07-08,32661.5,32866.5,32945,32343.5,20,Extreme Fear
2021-07-07,34800.5,34540,35036,34489.5,28,Fear
2021-07-06,34039.5,34033.5,34466,33780.5,20,Extreme Fear
2021-07-05,33386,33557.5,33722,33327,29,Fear
2021-07-04,35504.5,35487,35530,35250,27,Fear
2021-07-03,34569.5,34597,34780,34477,24,Extreme Fear
2021-07-02,33033,33673.5,33696.5,32887,21,Extreme Fear
2021-07-01,33698,33431,33800.5,33051,28,Fear
2021-06-30,34835.5,34188,34986.5,34100,28,Fear
2021-06-29,35554,36225.5,36397,35344,25,Extreme Fear
2021-06-28,34119.5,34931.5,34934,33905,25,Extreme Fear
2021-06-27,33207.5,33198.5,33549,32700,22,Extreme Fear
2021-06-26,31761.5,31520.5,31975,30487,20,Extreme Fear
2021-06-25,33291.5,32593.5,33558.5,32375,27,Fear
2021-06-24,33812,33861,34544.5,33727,22,Extreme Fear
2021-06-23,33920,33485.5,34794.5,33412,14,Extreme Fear
2021-06-22,31232,31654.5,31904.5,28774,10,Extreme Fear
2021-06-21,32510,32675.5,33189,31934,23,Extreme Fear
2021-06-20,33857,34391,34618,33338,21,Extreme Fear
2021-06-19,35899,36097.5,36425,35545,23,Extreme Fear
2021-06-18,37784,36395.5,37910,36373,25,Extreme Fear
2021-06-17,39181,39013.5,39198.5,38470,26,Fear
2021-06-16,39086.5,38784.5,39485,38566.5,33,Fear
2021-06-15,39848.5,40069.5,40434,39730,38,Fear
2021-06-14,39189,40692.5,40995,39076,28,Fear
2021-06-13,35855,36002,36100.5,35656,23,Extreme Fear
2021-06-12,35578.5,35387,36180,35337.5,28,Fear
2021-06-11,37366,36843,37579.5,36767,21,Extreme Fear
2021-06-10,37825.5,36904.5,38175,36636,21,Extreme Fear
2021-06-09,34879.5,36321,36717,34555,14,Extreme Fear
2021-06-08,33048.5,31677,33110,30980,13,Extreme Fear
2021-06-07,36350.5,36023,36784,35902,15,Extreme Fear
2021-06-06,35878,36151,36435,35477,17,Extreme Fear
2021-06-05,35866.5,36308.5,36420,35211,24,Extreme Fear
2021-06-04,36600,36932,37100,35601,27,Fear
2021-06-03,38773,38576.5,39249,38360,24,Extreme Fear
2021-06-02,37204,37995,38198,37080.5,23,Extreme Fear
2021-06-01,36575,36223,37387,35600,20,Extreme Fear
2021-05-31,36782,36940,37200,36315.5,18,Extreme Fear
2021-05-30,36314.5,35467,36446.5,35123.5,10,Extreme Fear
2021-05-29,35400,34425,35403,33850,18,Extreme Fear
2021-05-28,35370,36738.5,37238.5,35199.5,21,Extreme Fear
2021-05-27,39653.5,39649.5,40376.5,39249.5,27,Fear
2021-05-26,39870,38764.5,40299.5,38512.5,22,Extreme Fear
2021-05-25,36570.5,38248.5,38480,36466.5,22,Extreme Fear
2021-05-24,37596,37557,38601,37304.5,10,Extreme Fear
2021-05-23,35383.5,33300,35773.5,32600,14,Extreme Fear
2021-05-22,38152,38125.5,38799,37082,12,Extreme Fear
2021-05-21,41108,36802,41686.5,36386,19,Extreme Fear
2021-05-20,40417,41410,42400,40050.5,11,Extreme Fear
2021-05-19,38670.5,37361,39189,28801,23,Extreme Fear
2021-05-18,45340,43028.5,45363,42713,21,Extreme Fear
2021-05-17,45750,43375,45788,43210,27,Fear
2021-05-16,49053,47810,49301,47712,20,Extreme Fear
2021-05-15,48936.5,49000,49575,48687,27,Fear
2021-05-14,50546,51237,51471,50105,26,Fear
2021-05-13,49786.5,49715,50866,49548.5,31,Fear
2021-05-12,56481.5,55536,56906,55348.5,68,Greed
2021-05-11,55283.5,56079,56181,54841,61,Greed
2021-05-10,58188.5,58386,58434.5,56801.5,72,Greed
2021-05-09,57973.5,57435,58045.5,56375,73,Greed
2021-05-08,58601,57650.5,59455,57553,67,Greed
2021-05-07,56463,57507,57653,56250,64,Greed
2021-05-06,58050,57183.5,58134,56875,65,Greed
2021-05-05,55164.5,57514,57633.5,55121,48,Neutral
2021-05-04,56212,53876.5,56366,53640,68,Greed
2021-05-03,58683,57678.5,58778.5,57400,61,Greed
2021-05-02,57119,56634,57300,56523,66,Greed
2021-05-01,57836.5,57413,58077.5,57093.5,68,Greed
2021-04-30,54235,57088.5,57181.5,54232.5,51,Neutral
2021-04-29,54354.5,53816.5,54540,53400,52,Neutral
2021-04-28,54812,54328,55255,54132,59,Greed
2021-04-27,55060,54959,55279,54370,50,Neutral
2021-04-26,53560.5,53561.5,53849,53236,27,Fear
2021-04-25,49593.5,50239,50505,49500,31,Fear
2021-04-24,49119,50173.5,50320.5,48960,37,Fear
2021-04-23,50010,49800,50240.5,48539,55,Greed
2021-04-22,54845.5,54649.5,55444,54340.5,65,Greed
2021-04-21,54642.5,56098,56316,54401,73,Greed
2021-04-20,56247.5,55361.5,56428.5,54701,73,Greed
2021-04-19,57081,54618.5,57122,54279,74,Greed
2021-04-18,53320,55402.5,55660,53285.5,79,Extreme Greed
2021-04-17,61046,60431,61330,60275,76,Extreme Greed
2021-04-16,60989.5,61551,61602.5,60410.5,78,Extreme Greed
2021-04-15,62479.5,62793.5,63104.5,62449.5,79,Extreme Greed
2021-04-14,64659.5,63179.5,64750,62556,75,Greed
2021-04-13,63017,63388,63739.5,62605,74,Greed
2021-04-12,60348,60077,60610,59748.5,74,Greed
2021-04-11,59815,59748,59899,59333,76,Extreme Greed
2021-04-10,60664,60368.5,60867,60050,70,Greed
2021-04-09,58484.5,58260,58725,58050,70,Greed
2021-04-08,56513.5,57703.5,57870,56438,73,Greed
2021-04-07,56399.5,56450,56899,55750,72,Greed
2021-04-06,58660.5,57919.5,59136,57580,75,Greed
2021-04-05,57769,58965.5,59252.5,57769,71,Greed
2021-04-04,57300,57877.5,58428,57060,74,Greed
2021-04-03,59367,58900,59522.5,58900,73,Greed
2021-04-02,59649.5,59541,59700,59136,74,Greed
2021-04-01,58649.5,58964.5,59229,58465,74,Greed
2021-03-31,58045,59274,59450,57730,76,Extreme Greed
2021-03-30,59294.5,58582.5,59422,58569,72,Greed
2021-03-29,57829.5,57700,58450,57268,72,Greed
2021-03-28,55844.5,56371.5,56395,55361,74,Greed
2021-03-27,54435.5,54930.5,55002.5,54018.5,65,Greed
2021-03-26,52773,53310,53516,52586,54,Neutral
2021-03-25,52208,50977,52373.5,50504,60,Greed
2021-03-24,56580.5,56274,57150,56018,65,Greed
2021-03-23,54209.5,55205,55429.5,54209.5,66,Greed
2021-03-22,57766,57165,57785.5,56638,70,Greed
2021-03-21,56286.5,57129,57509,55931.5,73,Greed
2021-03-20,59264,59279,59900,58715.5,75,Greed
2021-03-19,58811.5,58981,59240,58049.5,71,Greed
2021-03-18,58243,59538,59650,57628.5,72,Greed
2021-03-17,54855.5,54951,55411.5,54209,71,Greed
2021-03-16,55482,55839,55919.5,54720,71,Greed
2021-03-15,56147,56155,57280,55098.5,76,Extreme Greed
2021-03-14,60435.5,59718.5,60630,59552,78,Extreme Greed
2021-03-13,59919.5,59816.5,60548.5,59280.5,74,Greed
2021-03-12,56540,56927,57048,55157,70,Greed
2021-03-11,56274.5,56329,57280,55812,73,Greed
2021-03-10,54900,56349,56498,54886,68,Greed
2021-03-09,54280,54195,54800,53664,81,Extreme Greed
2021-03-08,50510,51050.5,51283,50161.5,81,Extreme Greed
2021-03-07,50749,50587.5,51298,50196.5,76,Extreme Greed
2021-03-06,48224,47320,48245,47170,77,Extreme Greed
2021-03-05,47489.5,47906,48718,47024.5,77,Extreme Greed
2021-03-04,49356.5,49460,50598,48783,84,Extreme Greed
2021-03-03,51649.5,50798,52622,50553,78,Extreme Greed
2021-03-02,48850,48692.5,49660,48444,78,Extreme Greed
2021-03-01,47722.5,49100,49210,47471,38,Fear
2021-02-28,45299.5,43480,45479,43261.5,55,Greed
2021-02-27,47301,46573,47862,46400,56,Greed
2021-02-26,46403,47604,47874.5,45890.5,55,Greed
2021-02-25,50290.5,50879.5,52037,50123.5,79,Extreme Greed
2021-02-24,50400.5,49817,51300,48500,76,Extreme Greed
2021-02-23,46413.5,48601,49581,45814,94,Extreme Greed
2021-02-22,54638,53222.5,54756.5,48000,94,Extreme Greed
2021-02-21,57363,57332,57645,56720,91,Extreme Greed
2021-02-20,56413,56260,57667,55926,91,Extreme Greed
2021-02-19,52738,53856.5,53878,52428,93,Extreme Greed
2021-02-18,51533.5,51622.5,52313.5,51043.5,91,Extreme Greed
2021-02-17,51320.5,51189.5,51675,50635.5,95,Extreme Greed
2021-02-16,49013.5,49018,50844.5,48428.5,95,Extreme Greed
2021-02-15,47783.5,47911,48200,47456.5,93,Extreme Greed
2021-02-14,49137,48614.5,49834,48222,95,Extreme Greed
2021-02-13,46649.5,47127,47329.5,46300,92,Extreme Greed
2021-02-12,47698,47034,48222,46174.5,92,Extreme Greed
2021-02-11,46060.5,48044.5,48625.5,46060.5,93,Extreme Greed
2021-02-10,46714,44368.5,46714,43800,92,Extreme Greed
2021-02-09,46434.5,46786,47098.5,45056.5,95,Extreme Greed
2021-02-08,39446.5,43749.5,44924,39182,83,Extreme Greed
2021-02-07,39110.5,37951,39324.5,37631,86,Extreme Greed
2021-02-06,40210,40845,40849,39950,84,Extreme Greed
2021-02-05,37714,38014.5,38356,37571.5,81,Extreme Greed
2021-02-04,37369,36594.5,37757,36233,80,Extreme Greed
2021-02-03,36009.5,36861,36942,35873,78,Extreme Greed
2021-02-02,34780,34758.5,35272,34423.5,76,Extreme Greed
2021-02-01,34232,33191.5,34487,33180,77,Extreme Greed
2021-01-31,33576,32929.5,34208,32647,78,Extreme Greed
2021-01-30,33691.5,34229,34490,33520,76,Extreme Greed
2021-01-29,37067.5,37168.5,38632,36575,77,Extreme Greed
2021-01-28,31456,31916,32222,31198.5,55,Greed
2021-01-27,30643,30341,31053.5,29273,78,Extreme Greed
2021-01-26,31834,31716.5,31983.5,30841,71,Greed
2021-01-25,33191,34450,34820,33062,74,Greed
2021-01-24,32831.5,31971.5,32925,31887,70,Greed
2021-01-23,31638,31852.5,32232,31395,74,Greed
2021-01-22,31706,32413.5,32660,31330.5,40,Fear
2021-01-21,32190,31400.5,32750,31027.5,75,Greed
2021-01-20,34425.5,34203,35118.5,34039,78,Extreme Greed
2021-01-19,37370.5,37358.5,37555,36707.5,80,Extreme Greed
2021-01-18,36430,36458.5,37489,36123,79,Extreme Greed
2021-01-17,35247.5,35716.5,35939,34684,79,Extreme Greed
2021-01-16,37722,37508,37921,36745,84,Extreme Greed
2021-01-15,38156,35678.5,38241,35360,88,Extreme Greed
2021-01-14,38438.5,39517,40076,37778.5,83,Extreme Greed
2021-01-13,34401.5,34695.5,35140,34050,78,Extreme Greed
2021-01-12,35388,33860,35650,32620,84,Extreme Greed
2021-01-11,34228,31558,35141,31170,90,Extreme Greed
2021-01-10,39233,39696,40074.5,38558,94,Extreme Greed
2021-01-09,40649.5,40582,41475.5,40271.5,93,Extreme Greed
2021-01-08,41387.5,40908.5,42100,39814,93,Extreme Greed
2021-01-07,37936,39040,39040,37609,91,Extreme Greed
2021-01-06,35017,34646.5,35193,34184,95,Extreme Greed
2021-01-05,31733.5,32069,32360,31114.5,93,Extreme Greed
2021-01-04,30675,31720,32139.5,30409.5,94,Extreme Greed
2021-01-03,34478.5,33523,34650,32806,93,Extreme Greed
2021-01-02,29782.5,31729,31850,29771,94,Extreme Greed
2021-01-01,29343.5,29226,29673.5,29070,94,Extreme Greed
2020-12-31,28951,28736,29021.5,27841.5,95,Extreme Greed
2020-12-30,27877,28171.5,28336,27621,91,Extreme Greed
2020-12-29,26886,26633.5,27108,26480,91,Extreme Greed
2020-12-28,26877.5,26945.5,27514,26726,92,Extreme Greed
2020-12-27,27696.5,27410,27820.5,26666,91,Extreme Greed
2020-12-26,24866.5,25618.5,25691,24759,93,Extreme Greed
2020-12-25,24594.5,24064.5,24654.5,23835.5,94,Extreme Greed
2020-12-24,23221,23246,23423,23026.5,86,Extreme Greed
2020-12-23,23087,23484.5,24192,22953.5,93,Extreme Greed
2020-12-22,23116,23368,23641.5,23062,88,Extreme Greed
2020-12-21,22667,23072.5,23178.5,21959,92,Extreme Greed
2020-12-20,23565,23890,23931,23288,92,Extreme Greed
2020-12-19,22911,23581,23683,22910,93,Extreme Greed
2020-12-18,22898,22563,23096.5,22367.5,95,Extreme Greed
2020-12-17,22781,23333.5,23375,22622,92,Extreme Greed
2020-12-16,19749.5,20670.5,20859,19691,92,Extreme Greed
2020-12-15,19287,19407.5,19420,19254,91,Extreme Greed
2020-12-14,19108,19192.5,19306.5,19032.5,95,Extreme Greed
2020-12-13,19322,19219,19422.5,19102.5,91,Extreme Greed
2020-12-12,18490.5,18390,18499,18308.5,90,Extreme Greed
2020-12-11,17647.5,18081,18116,17614,89,Extreme Greed
2020-12-10,18186,18133.5,18273.5,17917,94,Extreme Greed
2020-12-09,18245,18341,18504,18171,86,Extreme Greed
2020-12-08,18774,18812.5,18967,18625,95,Extreme Greed
2020-12-07,19109,19222,19262,19100,94,Extreme Greed
2020-12-06,19076,19115.5,19145,18866,95,Extreme Greed
2020-12-05,19022.5,19117,19148,18963,93,Extreme Greed
2020-12-04,18835,18960,19139,18694,92,Extreme Greed
2020-12-03,19418.5,19551.5,19562,19259,92,Extreme Greed
2020-12-02,19133,18886,19256.5,18743,92,Extreme Greed
2020-12-01,19447,19272.5,19500.5,18090.5,95,Extreme Greed
2020-11-30,18600.5,19353,19930.5,18600,88,Extreme Greed
2020-11-29,18085.5,18099.5,18178.5,17915.5,89,Extreme Greed
2020-11-28,17165.5,17500,17514,17080,87,Extreme Greed
2020-11-27,16777.5,16510,17068,16452,86,Extreme Greed
2020-11-26,17121,16892.5,17400,16738.5,93,Extreme Greed
2020-11-25,19300.5,19126.5,19531,19112.5,94,Extreme Greed
2020-11-24,19026.5,19319.5,19391.5,18965,88,Extreme Greed
2020-11-23,18619,18275,18714,18257,90,Extreme Greed
2020-11-22,17928,18281.5,18325,17857.5,94,Extreme Greed
2020-11-21,18568,18807,18866.5,18329.5,91,Extreme Greed
2020-11-20,18298.5,18675,18766,18179,86,Extreme Greed
2020-11-19,17783,18061,18195,17672,94,Extreme Greed
2020-11-18,18251,17880,18255,17310.5,91,Extreme Greed
2020-11-17,17002,17325,17366,16942,86,Extreme Greed
2020-11-16,16233,16428,16464,16232.5,90,Extreme Greed
2020-11-15,15951.5,16006,16094,15920,86,Extreme Greed
2020-11-14,15916.5,15942,16038,15824,90,Extreme Greed
2020-11-13,16222,16100,16298,16082.5,89,Extreme Greed
2020-11-12,15757.5,16128,16144,15745,87,Extreme Greed
2020-11-11,15588,15679,15707.5,15550,86,Extreme Greed
2020-11-10,15281,15173,15397,15091.5,90,Extreme Greed
2020-11-09,15804,15011,15805.5,14958,90,Extreme Greed
2020-11-08,15173.5,15349.5,15430,15115.5,82,Extreme Greed
2020-11-07,15525.5,15344.5,15546,15200,88,Extreme Greed
2020-11-06,15599.5,15416,15720,15363.5,90,Extreme Greed
2020-11-05,14713,15090,15170,14621,72,Greed
2020-11-04,13702.5,13888,13899.5,13690,74,Greed
2020-11-03,13517,13705.5,13777,13473.5,71,Greed
2020-11-02,13414,13498,13524.5,13207,71,Greed
2020-11-01,13679.5,13789.5,13841.5,13657.5,72,Greed
2020-10-31,13930.5,13848.5,13932.5,13739.5,73,Greed
2020-10-30,13343.5,13532.5,13536.5,13219.5,74,Greed
2020-10-29,13048,13424.5,13473.5,12975,67,Greed
2020-10-28,13333.5,13217.5,13375,12892,70,Greed
2020-10-27,13436.5,13605.5,13634,13324.5,61,Greed
2020-10-26,13145.5,12990.5,13243,12933,75,Greed
2020-10-25,12959,12958,13018,12947.5,76,Extreme Greed
2020-10-24,12994,13105.5,13162,12941,73,Greed
2020-10-23,12979.5,12935.5,13016,12913,74,Greed
2020-10-22,12975,12934,12977.5,12819,73,Greed
2020-10-21,12324.5,12723,12882,12279.5,61,Greed
2020-10-20,11761,11920,11976,11760,56,Greed
2020-10-19,11474.5,11788,11815.5,11468.5,55,Greed
2020-10-18,11413.5,11444.5,11483,11413.5,55,Greed
2020-10-17,11343,11342,11411,11260.5,56,Greed
2020-10-16,11375,11331,11391.5,11295,52,Neutral
2020-10-15,11319.5,11397,11407,11286,56,Greed
2020-10-14,11371.5,11322.5,11549.5,11295,53,Neutral
2020-10-13,11494.5,11396.5,11513,11323,56,Greed
2020-10-12,11260.5,11550.5,11601.5,11251.5,52,Neutral
2020-10-11,11374.5,11408,11447,11341.5,55,Greed
2020-10-10,11324,11349,11414,11295,53,Neutral
2020-10-09,11043,11074.5,11089,11031.5,48,Neutral
2020-10-08,10603,10885.5,10945,10593,46,Fear
2020-10-07,10600.5,10626,10636,10600,43,Fear
2020-10-06,10690,10730,10749,10630,47,Neutral
2020-10-05,10660,10705.5,10756,10650,42,Fear
2020-10-04,10595,10594.5,10610,10578,42,Fear
2020-10-03,10537.5,10541.5,10548,10528,40,Fear
2020-10-02,10453,10520.5,10595,10449.5,41,Fear
2020-10-01,10875,10725,10887,10716,45,Fear
2020-09-30,10688,10772.5,10785.5,10676.5,49,Neutral
2020-09-29,10755.5,10726.5,10784.5,10718,45,Fear
2020-09-28,10872,10896.5,10935,10832,43,Fear
2020-09-27,10628,10745.5,10762,10600,47,Neutral
2020-09-26,10703,10719.5,10734,10666.5,45,Fear
2020-09-25,10627,10647,10680.5,10562,46,Fear
2020-09-24,10401,10530.5,10537,10333,39,Fear
2020-09-23,10475.5,10448,10523.5,10448,43,Fear
2020-09-22,10450.5,10449.5,10516.5,10422.5,39,Fear
2020-09-21,10630,10420.5,10633,10283.5,48,Neutral
2020-09-20,10948,10827,10948.5,10783,52,Neutral
2020-09-19,11128,11085.5,11168,11043.5,48,Neutral
2020-09-18,10969.5,10892.5,10990,10868,49,Neutral
2020-09-17,10874,10832.5,10874,10743,48,Neutral
2020-09-16,10887.5,10992,11011.5,10856,43,Fear
2020-09-15,10820,10783.5,10919.5,10733,47,Neutral
2020-09-14,10464,10688,10690,10450,39,Fear
2020-09-13,10327.5,10287,10353,10264.5,38,Fear
2020-09-12,10342,10356,10369,10276,41,Fear
2020-09-11,10263.5,10316,10330,10254.5,41,Fear
2020-09-10,10291,10413.5,10485.5,10291,38,Fear
2020-09-09,10222.5,10247.5,10274,10173,38,Fear
2020-09-08,9990.5,10098,10150,9925.5,41,Fear
2020-09-07,10032.5,10149,10166,9881,41,Fear
2020-09-06,10263.5,10178.5,10298.5,10133,41,Fear
2020-09-05,10232,10269.5,10342.5,9980,41,Fear
2020-09-04,10423.5,10426,10496,9883,40,Fear
2020-09-03,11228,10682,11260.5,10466.5,79,Extreme Greed
2020-09-02,11415.5,11346,11491,11214,83,Extreme Greed
2020-09-01,11884,12054.5,12061.5,11819,75,Greed
2020-08-31,11679,11746,11775,11671,75,Greed
2020-08-30,11602.5,11616.5,11657,11572.5,75,Greed
2020-08-29,11456,11493.5,11516.5,11440,79,Extreme Greed
2020-08-28,11472,11522,11522,11409.5,74,Greed
2020-08-27,11326,11329.5,11585,11270,75,Greed
2020-08-26,11385,11480.5,11507,11257,76,Extreme Greed
2020-08-25,11628,11438.5,11628,11350,75,Greed
2020-08-24,11797,11768,11818.5,11738.5,78,Extreme Greed
2020-08-23,11531.5,11655,11674,11531.5,76,Extreme Greed
2020-08-22,11562,11587,11637,11561.5,78,Extreme Greed
2020-08-21,11727.5,11731,11771,11650,81,Extreme Greed
2020-08-20,11815,11863.5,11874.5,11752,75,Greed
2020-08-19,11849.5,11733.5,11922.5,11701,80,Extreme Greed
2020-08-18,12185.5,11946,12278.5,11801,82,Extreme Greed
2020-08-17,11921,12439.5,12478,11867,83,Extreme Greed
2020-08-16,11771.5,11869.5,11877.5,11706.5,82,Extreme Greed
2020-08-15,11857.5,11861,11899,11700,79,Extreme Greed
2020-08-14,11773.5,11750,11774,11660,78,Extreme Greed
2020-08-13,11556,11504,11585.5,11404.5,75,Greed
2020-08-12,11464.5,11585,11613.5,11440,75,Greed
2020-08-11,11737.5,11491.5,11738,11387.5,84,Extreme Greed
2020-08-10,11735,11919.5,11965,11717.5,78,Extreme Greed
2020-08-09,11684.5,11577,11685,11548,79,Extreme Greed
2020-08-08,11774.5,11735.5,11810,11714,77,Extreme Greed
2020-08-07,11759.5,11638.5,11774,11505,77,Extreme Greed
2020-08-06,11701.5,11837.5,11883,11701,79,Extreme Greed
2020-08-05,11439,11662.5,11694.5,11403,75,Greed
2020-08-04,11125.5,11209.5,11236.5,11018.5,72,Greed
2020-08-03,11237.5,11379,11380,11203.5,75,Greed
2020-08-02,11111,11093,11182,10971.5,80,Extreme Greed
2020-08-01,11660.5,11635,11698.5,11505,75,Greed
2020-07-31,11214,11349,11370,11121,75,Greed
2020-07-30,10931,11014.5,11035,10835,76,Extreme Greed
2020-07-29,11102.5,11162,11294,10994,71,Greed
2020-07-28,10984.5,11154,11185,10914,76,Extreme Greed
2020-07-27,10256,10292.5,10442,10224,58,Greed
2020-07-26,9968,9960,9980.5,9811.5,55,Greed
2020-07-25,9572.5,9585,9600,9555,55,Greed
2020-07-24,9528,9547,9560.5,9500,53,Neutral
2020-07-23,9494,9516.5,9583,9440,55,Greed
2020-07-22,9344.5,9333,9350.5,9312.5,50,Neutral
2020-07-21,9335.5,9330,9437,9321,44,Fear
2020-07-20,9148.5,9172,9173.5,9143,44,Fear
2020-07-19,9126,9123.5,9134,9113.5,41,Fear
2020-07-18,9163.5,9167.5,9170.5,9153.5,44,Fear
2020-07-17,9129.5,9144,9180,9129.5,41,Fear
2020-07-16,9084,9119,9124.5,9070,43,Fear
2020-07-15,9215,9200.5,9239,9194,44,Fear
2020-07-14,9234.5,9220,9248,9185.5,43,Fear
2020-07-13,9304,9291,9335.5,9278,43,Fear
2020-07-12,9240,9213,9335,9186,41,Fear
2020-07-11,9199.5,9221.5,9228.5,9196.5,44,Fear
2020-07-10,9161.5,9243,9243,9161.5,41,Fear
2020-07-09,9396,9210,9425.5,9161,44,Fear
2020-07-08,9306,9411.5,9466.5,9281,44,Fear
2020-07-07,9265.5,9268,9286.5,9236.5,43,Fear
2020-07-06,9224,9296,9322.5,9197.5,40,Fear
2020-07-05,9035.5,9026.5,9065,9003,38,Fear
2020-07-04,9059.5,9064.5,9080,9044,40,Fear
2020-07-03,9093,9099.5,9119.5,9079.5,41,Fear
2020-07-02,9195,9046.5,9255,9033,42,Fear
2020-07-01,9159,9266.5,9268,9140.5,42,Fear
2020-06-30,9152,9168.5,9185,9071,44,Fear
2020-06-29,9095,9128,9133,9027,41,Fear
2020-06-28,9050,9156,9170,9023,40,Fear
2020-06-27,9157.5,9135.5,9176,9109.5,43,Fear
2020-06-26,9191,9147.5,9233.5,9050,40,Fear
2020-06-25,9257.5,9236,9267.5,9163,43,Fear
2020-06-24,9330,9248,9423,9210,50,Neutral
2020-06-23,9632.5,9685.5,9688.5,9615,41,Fear
2020-06-22,9454.5,9489.5,9501.5,9447.5,38,Fear
2020-06-21,9354.5,9370,9388.5,9328.5,37,Fear
2020-06-20,9327.5,9260,9332.5,9228.5,38,Fear
2020-06-19,9379,9375.5,9419,9351,39,Fear
2020-06-18,9431,9382.5,9438,9379.5,40,Fear
2020-06-17,9481.5,9391,9564,9375,38,Fear
2020-06-16,9509,9449.5,9584.5,9397,39,Fear
2020-06-15,9114.5,9290,9302.5,9044.5,37,Fear
2020-06-14,9430,9415,9437.5,9313,40,Fear
2020-06-13,9403,9432.5,9461.5,9390.5,38,Fear
2020-06-12,9492.5,9416.5,9550,9375.5,38,Fear
2020-06-11,9785.5,9527,9794,9511.5,52,Neutral
2020-06-10,9726.5,9757.5,9770,9720.5,54,Neutral
2020-06-09,9718.5,9714.5,9748,9673,52,Neutral
2020-06-08,9739.5,9704.5,9746,9654.5,53,Neutral
2020-06-07,9574,9494.5,9601.5,9380.5,54,Neutral
2020-06-06,9687,9653.5,9730,9628,54,Neutral
2020-06-05,9695.5,9711,9725.5,9621.5,53,Neutral
2020-06-04,9625.5,9828.5,9837,9605,54,Neutral
2020-06-03,9618.5,9556.5,9642,9503.5,48,Neutral
2020-06-02,10117,9469,10188.5,9288,56,Greed
2020-06-01,9510,9538,9587.5,9490.5,50,Neutral
2020-05-31,9587.5,9479.5,9633.5,9435,51,Neutral
2020-05-30,9555.5,9536,9569,9493.5,48,Neutral
2020-05-29,9399.5,9407,9478,9329.5,48,Neutral
2020-05-28,9260.5,9491,9509,9250.5,41,Fear
2020-05-27,9145.5,9143,9222,9117,39,Fear
2020-05-26,8865,8723,8906,8700,39,Fear
2020-05-25,8748,8779.5,8856,8731.5,41,Fear
2020-05-24,9119,9055.5,9179.5,9008,43,Fear
2020-05-23,9170,9196,9214.5,9082,40,Fear
2020-05-22,9170.5,9216,9216,9087,42,Fear
2020-05-21,9382,9081,9391,8952.5,49,Neutral
2020-05-20,9727,9414,9797,9323.5,52,Neutral
2020-05-19,9748,9684.5,9756.5,9552,50,Neutral
2020-05-18,9629,9667.5,9729,9567.5,50,Neutral
2020-05-17,9520.5,9817.5,9886,9520.5,40,Fear
2020-05-16,9412.5,9385.5,9520,9335,41,Fear
2020-05-15,9593.5,9472.5,9612,9417.5,44,Fear
2020-05-14,9679,9747,9754.5,9536.5,40,Fear
2020-05-13,9033,9137,9180,8993.5,41,Fear
2020-05-12,8800,8870,8937,8660.5,39,Fear
2020-05-11,8920.5,8880,9158.5,8765,40,Fear
2020-05-10,8732.5,8648,8810,8577.5,48,Neutral
2020-05-09,9637,9694.5,9722,9615,56,Greed
2020-05-08,9896.5,9939,10005,9790.5,55,Greed
2020-05-07,9283.5,9513,9595.5,9266.5,49,Neutral
2020-05-06,9319.5,9274.5,9380,9131,42,Fear
2020-05-05,8848,8842.5,8951,8816.5,40,Fear
2020-05-04,8677,8848,8859,8653,44,Fear
2020-05-03,9047.5,8811,9068,8725,45,Fear
2020-05-02,8841,8940,8965,8840.5,40,Fear
2020-05-01,8994,8730,9020,8721.5,40,Fear
2020-04-30,8840.5,8781.5,8914.5,8701,44,Fear
2020-04-29,8127,8354.5,8388,8127,26,Fear
2020-04-28,7730,7715.5,7760,7667,26,Fear
2020-04-27,7713.5,7669.5,7722.5,7624,28,Fear
2020-04-26,7654.5,7549.5,7698.5,7496,21,Extreme Fear
2020-04-25,7537,7528.5,7702.5,7512,24,Extreme Fear
2020-04-24,7497,7504.5,7527,7400,20,Extreme Fear
2020-04-23,7128,7528.5,7743.5,7105,19,Extreme Fear
2020-04-22,6943,7105,7129,6925,19,Extreme Fear
2020-04-21,6790.5,6826.5,6872.5,6780.5,17,Extreme Fear
2020-04-20,6965.5,7065,7093.5,6909,15,Extreme Fear
2020-04-19,7154.5,7096.5,7164,7047,16,Extreme Fear
2020-04-18,7097.5,7234,7260,7073.5,18,Extreme Fear
2020-04-17,7072,7029,7093,6982,15,Extreme Fear
2020-04-16,7017,7044,7079.5,6929,13,Extreme Fear
2020-04-15,6774,6695,6774,6677,18,Extreme Fear
2020-04-14,6823,6902,6939,6793,15,Extreme Fear
2020-04-13,6774.5,6761.5,6796.5,6605.5,11,Extreme Fear
2020-04-12,6848,7008.5,7025.5,6847.5,10,Extreme Fear
2020-04-11,6874.5,6829.5,6883.5,6803,15,Extreme Fear
2020-04-10,6897.5,6769.5,6923,6741.5,15,Extreme Fear
2020-04-09,7186.5,7273.5,7342.5,7123,22,Extreme Fear
2020-04-08,7287,7272,7338.5,7196,21,Extreme Fear
2020-04-07,7384,7314,7458.5,7254,20,Extreme Fear
2020-04-06,7092,7135.5,7158,7039.5,12,Extreme Fear
2020-04-05,6776,6785.5,6818.5,6762,12,Extreme Fear
2020-04-04,6698,6724,6764.5,6665.5,12,Extreme Fear
2020-04-03,7004,6710,7007,6671.5,14,Extreme Fear
2020-04-02,6676,6796.5,6828,6620.5,14,Extreme Fear
2020-04-01,6286,6223.5,6333,6156.5,12,Extreme Fear
2020-03-31,6386.5,6445,6494.5,6323.5,12,Extreme Fear
2020-03-30,6358.5,6336,6430.5,6274,10,Extreme Fear
2020-03-29,6134.5,6123,6144,6059.5,12,Extreme Fear
2020-03-28,6231,6208.5,6268,6149,8,Extreme Fear
2020-03-27,6617.5,6621,6659,6573,12,Extreme Fear
2020-03-26,6598.5,6611,6675.5,6512,14,Extreme Fear
2020-03-25,6511.5,6615,6745.5,6502,13,Extreme Fear