Date,Adj Close,Open,High,Low,Vol.,Change %
2025-06-09,392.12,380.68,394.79,377.6,10.92M,4.71%
2025-06-06,374.47,377.4,380.6,369.71,9.38M,1.54%
2025-06-05,368.79,383.85,385.38,364.3,11.96M,-2.46%
2025-06-04,378.1,385.8,386.12,375.66,8.47M,-2.41%
2025-06-03,387.43,379.4,391.01,371.37,11.35M,4.07%
2025-06-02,372.27,367.89,378.43,367.02,8.10M,0.87%
2025-05-30,369.06,369,372.56,359.15,12.56M,-0.42%
2025-05-29,370.63,370.79,373.86,362.74,10.22M,1.75%
2025-05-28,364.25,368.53,370.65,358.5,9.94M,-2.14%
2025-05-27,372.2,381.11,381.3,364.18,14.12M,0.73%
2025-05-23,369.51,391.51,392.19,367.31,21.45M,-7.50%
2025-05-22,399.46,413.2,426.32,398.91,16.51M,-0.80%
2025-05-21,402.69,415.92,423.34,395.53,18.70M,-3.41%
2025-05-20,416.92,413.5,417.85,406.1,11.53M,0.85%
2025-05-19,413.42,392.81,414.59,392.62,12.82M,3.41%
2025-05-16,399.8,399,406.9,389.01,12.46M,0.70%
2025-05-15,397.03,411.7,415.36,394.14,14.67M,-4.73%
2025-05-14,416.75,420.39,425.94,410.41,10.72M,-1.15%
2025-05-13,421.61,412.55,422.55,404.12,12.92M,4.13%
2025-05-12,404.9,420.92,422.04,400.83,16.25M,-2.68%
2025-05-09,416.03,420,430.35,406.22,17.16M,0.40%
2025-05-08,414.38,408.17,423.11,404.5,22.14M,5.58%
2025-05-07,392.48,393.8,396.35,388.26,10.61M,1.78%
2025-05-06,385.6,378.56,387.86,377.77,9.70M,-0.24%
2025-05-05,386.53,383.33,391.93,374.2,14.42M,-1.99%
2025-05-02,394.37,393.88,401.7,387.51,15.95M,3.35%
2025-05-01,381.6,392.29,403.9,381.03,16.94M,0.39%
2025-04-30,380.11,373.77,384,362.39,13.76M,-0.35%
2025-04-29,381.45,369.02,383.95,366.8,13.04M,3.30%
2025-04-28,369.25,373.29,373.66,354.53,11.49M,0.15%
2025-04-25,368.71,354,373.23,353.12,19.34M,5.24%
2025-04-24,350.34,344.97,351.03,343.24,10.78M,1.33%
2025-04-23,345.73,354.7,355.83,339,16.69M,0.79%
2025-04-22,343.03,328.7,348.96,327.01,24.04M,7.95%
2025-04-21,317.76,324.99,330.99,309,16.05M,0.18%
2025-04-17,317.2,313.89,320,306,13.51M,1.78%
2025-04-16,311.66,306.06,318.6,304,12.85M,0.30%
2025-04-15,310.72,312.22,319.75,306.81,11.22M,-0.23%
2025-04-14,311.45,309.8,314.6,300.1,15.64M,3.82%
2025-04-11,299.98,281.3,304.15,276.3,21.33M,10.15%
2025-04-10,272.34,282.5,288.31,261.37,19.24M,-8.26%
2025-04-09,296.86,242.01,302.34,241.69,38.35M,24.76%
2025-04-08,237.95,278.15,282.84,235.93,22.95M,-11.26%
2025-04-07,268.14,260.14,297.6,252.6,28.45M,-8.67%
2025-04-04,293.61,285.02,299.14,265.3,24.85M,4.01%
2025-04-03,282.28,286.75,299.22,276.03,18.22M,-9.68%
2025-04-02,312.54,297.86,319.47,296.98,16.29M,2.13%
2025-04-01,306.02,293.53,307.6,280.65,16.78M,6.16%
2025-03-31,288.27,281.87,294.89,272.8,14.87M,-0.39%
2025-03-28,289.41,318.38,320.8,289.25,21.06M,-10.84%
2025-03-27,324.59,322.53,333.49,318,13.84M,-1.43%
2025-03-26,329.31,336.5,340.34,319.73,16.80M,-3.66%
2025-03-25,341.81,333.48,343.59,329.5,15.05M,1.81%
2025-03-24,335.72,316.14,336.77,311.36,23.10M,10.43%
2025-03-21,304,295.7,306.39,293.05,21.77M,0.64%
2025-03-20,302.07,298.79,309.4,293.4,15.06M,-0.71%
2025-03-19,304.23,290.3,309.08,287.12,19.38M,7.43%
2025-03-18,283.19,283.2,290.99,272.5,15.40M,-3.77%
2025-03-17,294.27,292.15,296.81,281.6,13.00M,-1.08%
2025-03-14,297.49,273.99,298.7,272.62,23.71M,13.00%
2025-03-13,263.26,262,270.4,253.76,13.80M,0.27%
2025-03-12,262.55,264.6,269.77,248.22,14.33M,0.75%
2025-03-11,260.59,245,263.1,231.51,22.08M,8.91%
2025-03-10,239.27,268,272,231.62,31.48M,-16.68%
2025-03-07,287.18,298.14,310.44,281.44,22.76M,-5.57%
2025-03-06,304.11,298.95,320.94,292.17,25.31M,-1.44%
2025-03-05,308.55,278.3,311.28,271.77,26.20M,12.14%
2025-03-04,275.15,240.28,293.04,237.01,30.13M,9.66%
2025-03-03,250.92,293.15,295.1,246.1,30.58M,-1.77%
2025-02-28,255.43,238.32,257.5,231.92,22.66M,6.41%
2025-02-27,240.05,267.42,271.46,239.48,18.52M,-8.82%
2025-02-26,263.27,245.39,264.46,244.01,19.88M,5.09%
2025-02-25,250.51,268.1,270.29,243.7,31.38M,-11.41%
2025-02-24,282.76,304,304.04,276.39,17.97M,-5.65%
2025-02-21,299.69,327.93,329,299.04,17.93M,-7.48%
2025-02-20,323.92,323.73,327.83,314.95,12.29M,1.65%
2025-02-19,318.67,337.3,340.19,317.22,17.04M,-4.58%
2025-02-18,333.97,337.35,340.49,326.79,10.18M,-1.11%
2025-02-14,337.73,325.15,344.89,323.71,13.91M,3.94%
2025-02-13,324.92,325.5,330.59,317.35,9.85M,-0.58%
2025-02-12,326.82,315.96,331.17,314.19,9.84M,2.30%
2025-02-11,319.46,332.98,338.5,318.7,12.02M,-4.53%
2025-02-10,334.62,333.5,340.38,328.3,10.10M,2.16%
2025-02-07,327.56,335,344.4,327,15.05M,0.65%
2025-02-06,325.46,338.7,344.5,320.71,12.80M,-3.34%
2025-02-05,336.7,349,352.36,333.55,10.97M,-3.33%
2025-02-04,348.31,341.2,353.79,340.45,12.49M,0.35%
2025-02-03,347.09,310,348.85,308.9,18.21M,3.67%
2025-01-31,334.79,340.11,352.71,332,15.57M,-1.56%
2025-01-30,340.09,345.83,356.11,338.52,12.61M,-0.34%
2025-01-29,341.25,338.2,343.63,329.33,11.72M,1.58%
2025-01-28,335.93,344.68,348.92,333.09,11.46M,-3.45%
2025-01-27,347.92,340.5,356.88,322.3,21.22M,-1.63%
2025-01-24,353.67,377.67,378.11,351,22.94M,-5.21%
2025-01-23,373.12,371.75,390.2,370.7,23.31M,-1.11%
2025-01-22,377.31,384.91,390.35,371.05,16.00M,-3.03%
2025-01-21,389.1,395.45,404.42,367.76,26.22M,-1.87%
2025-01-17,396.5,383.28,398.68,380.15,24.34M,8.04%
2025-01-16,367,357.89,370.26,345.8,14.83M,1.77%
2025-01-15,360.62,357.81,368.42,353.01,19.94M,5.39%
2025-01-14,342.17,343,354.9,331.3,17.89M,4.19%
2025-01-13,328.4,309.95,329.6,303.8,15.91M,0.15%
2025-01-10,327.91,330.31,337,317.91,16.48M,-1.14%
2025-01-08,331.7,335.24,344.39,317.22,18.27M,-2.85%
2025-01-07,341.42,366.47,371.28,335.3,24.74M,-9.94%
2025-01-06,379.09,349.85,383.02,335.5,26.71M,11.61%
2025-01-03,339.66,303,343.4,301.77,25.04M,13.22%
2025-01-02,300.01,300.11,310.8,292.32,17.93M,3.59%
2024-12-31,289.62,316.96,317.91,285.01,22.49M,-4.40%
2024-12-30,302.96,319.4,320.01,301.75,25.77M,-8.19%
2024-12-27,330,342.3,342.7,323.2,13.78M,-3.24%
2024-12-26,341.05,350.3,351.8,340,13.30M,-4.78%
2024-12-24,358.18,343.5,361,342.7,16.38M,7.81%
2024-12-23,332.23,358,359.74,329.08,21.74M,-8.78%
2024-12-20,364.2,319.37,364.88,317,44.89M,11.56%
2024-12-19,326.46,365.44,367.5,323.48,26.92M,-6.63%
2024-12-18,349.64,386,390.32,338,24.42M,-9.52%
2024-12-17,386.42,413.45,415.68,386.01,21.82M,-5.41%
2024-12-16,408.5,424.87,437.61,406.45,31.10M,-0.04%
2024-12-13,408.67,400.07,409.71,388.88,21.54M,4.20%
2024-12-12,392.19,413.71,415.8,386.11,21.07M,-4.67%
2024-12-11,411.4,385.66,412.68,385.5,27.59M,9.03%
2024-12-10,377.32,373.37,379.8,356.05,20.14M,3.28%
2024-12-09,365.34,394,399.8,363.44,22.61M,-7.51%
2024-12-06,395.01,395.29,405,384.02,26.21M,2.23%
2024-12-05,386.4,440.12,444.94,379.35,46.19M,-4.83%
2024-12-04,406,380,409.97,365.6,29.86M,8.72%
2024-12-03,373.43,367.85,393.12,362.67,22.82M,-1.81%
2024-12-02,380.3,393.64,398.79,374.36,23.40M,-1.85%
2024-11-29,387.47,405.75,417.62,381,21.99M,-0.35%
2024-11-27,388.84,384.29,397.66,372.5,34.92M,9.94%
2024-11-26,353.69,382.78,403,338.67,47.89M,-12.33%
2024-11-25,403.45,440.75,440.75,383.8,40.18M,-4.37%
2024-11-22,421.88,403.6,453,393.1,55.94M,6.19%
2024-11-21,397.28,535.63,543,371.84,100.44M,-16.16%
2024-11-20,473.83,463.4,504.83,457.3,70.21M,10.05%
2024-11-19,430.54,389.5,449,381,50.95M,11.89%
2024-11-18,384.79,345.42,388.49,339.38,32.75M,12.96%
2024-11-15,340.65,336.6,349.94,324.1,25.84M,3.96%
2024-11-14,327.67,341.77,348,318.62,26.61M,-0.22%
2024-11-13,328.38,366.98,383.4,321.7,46.24M,-7.91%
2024-11-12,356.59,334.77,360.89,325.5,39.71M,4.88%
2024-11-11,340,297,351.73,293.3,47.32M,25.73%
2024-11-08,270.42,275.58,279.38,262.6,18.76M,-0.14%
2024-11-07,270.81,256.8,280.8,252.7,23.93M,5.04%
2024-11-06,257.81,260,261.2,242.69,26.27M,13.17%
2024-11-05,227.8,233.34,243.46,225.43,17.99M,2.16%
2024-11-04,222.99,226.97,231.68,220.82,13.44M,-2.93%
2024-11-01,229.71,245.33,255.75,225.93,26.26M,-6.05%
2024-10-31,244.5,251.12,252.88,237,21.95M,-1.14%
2024-10-30,247.31,246.5,255.8,239,20.59M,-4.23%
2024-10-29,258.24,264.25,267.89,251.24,25.96M,1.14%
2024-10-28,255.34,244.64,259.5,242.77,23.18M,8.96%
2024-10-25,234.34,236.38,245.57,227.75,25.09M,-0.66%
2024-10-24,235.89,220.09,236.29,218.25,23.22M,10.25%
2024-10-23,213.95,215.08,222.85,204.91,17.03M,-2.62%
2024-10-22,219.7,216.21,221.4,212.08,13.76M,0.30%
2024-10-21,219.05,214.49,223.15,208.45,18.03M,1.48%
2024-10-18,215.86,197.59,218.65,197.1,22.81M,11.60%
2024-10-17,193.42,192.8,198.88,185.81,11.41M,-0.35%
2024-10-16,194.09,199.9,200.62,191.96,12.43M,-0.11%
2024-10-15,194.31,206.73,211.16,189.7,23.11M,-3.65%
2024-10-14,201.67,224.48,227.15,201.43,31.74M,-5.14%
2024-10-11,212.59,188.5,212.81,187.41,29.93M,15.95%
2024-10-10,183.34,191.89,192.2,178,15.94M,-2.95%
2024-10-09,188.91,189.77,198.39,185.25,13.45M,-1.71%
2024-10-08,192.2,186.1,198.49,184.45,20.98M,3.28%
2024-10-07,186.09,179.71,191.99,178.8,19.83M,5.43%
2024-10-04,176.51,166.72,176.55,163.97,14.07M,8.02%
2024-10-03,163.41,163.39,165.86,157.82,8.81M,-0.75%
2024-10-02,164.64,160.51,173.88,159.16,12.56M,1.20%
2024-10-01,162.69,168.52,169.43,157.02,14.10M,-3.51%
2024-09-30,168.6,168.63,175.51,167.31,13.44M,-4.32%
2024-09-27,176.22,170.48,179.6,168.3,17.32M,6.17%
2024-09-26,165.98,157.63,167.51,156.38,17.07M,9.24%
2024-09-25,151.94,152.3,157.88,151.5,7.84M,-1.26%
2024-09-24,153.88,150.16,154.33,146.71,9.37M,2.61%
2024-09-23,149.97,147.48,151.59,145.01,10.09M,3.58%
2024-09-20,144.78,144.39,148.03,141.64,12.33M,0.08%
2024-09-19,144.66,140.45,148.96,139.62,20.18M,9.04%
2024-09-18,132.67,130.44,139.49,128.51,16.35M,1.07%
2024-09-17,131.27,138.37,140.16,128.82,21.04M,-2.42%
2024-09-16,134.53,137.02,137.88,132.67,8.77M,-4.91%
2024-09-13,141.47,131.1,143,129.84,12.24M,8.18%
2024-09-12,130.77,129,134.1,127.27,6.05M,1.15%
2024-09-11,129.28,124.81,131,121.3,8.73M,-0.28%
2024-09-10,129.64,123,129.82,121.55,7.74M,3.86%
2024-09-09,124.82,118.93,125.23,117.5,9.77M,9.20%
2024-09-06,114.3,122.93,124.69,113.69,8.80M,-4.41%
2024-09-05,119.57,122.35,126.83,119.43,6.07M,-4.23%
2024-09-04,124.85,120.25,125.98,117.94,8.19M,2.07%
2024-09-03,122.32,132,132.73,122.19,8.26M,-7.63%
2024-08-30,132.42,134,135.25,128.3,7.80M,-0.11%
2024-08-29,132.56,137,139.43,131,8.43M,0.36%
2024-08-28,132.09,138.16,138.4,130.73,8.86M,-5.66%
2024-08-27,140.01,144.48,145.24,138.19,10.94M,-4.69%
2024-08-26,146.9,148.12,152.35,146.6,10.42M,-2.07%
2024-08-23,150.01,137.4,151.81,135.51,17.79M,12.11%
2024-08-22,133.81,141.39,141.78,133.69,7.96M,-5.38%
2024-08-21,141.42,134.34,142.58,132.87,11.77M,5.78%
2024-08-20,133.69,139.74,141.36,130.63,11.27M,-1.23%
2024-08-19,135.35,133.7,137.44,131.16,6.60M,1.74%
2024-08-16,133.04,133.25,136.32,126.59,11.36M,0.84%
2024-08-15,131.93,132.7,139,130.73,10.86M,1.20%
2024-08-14,130.37,136.37,137.4,129.33,8.54M,-3.70%
2024-08-13,135.38,132.28,140,130.26,8.12M,2.98%
2024-08-12,131.46,133.49,139.21,129.22,6.93M,-2.89%
2024-08-09,135.37,135.89,136.68,129.55,7.33M,-0.46%
2024-08-08,135.99,130.23,136.76,128.06,10.38M,9.07%
2024-08-07,124.68,140.88,142.16,124.01,10.93M,-8.94%
2024-08-06,136.92,132.6,139.49,126.22,12.26M,4.60%
2024-08-05,130.9,105.17,135.43,102.4,22.68M,-9.60%
2024-08-02,144.8,148.58,159.14,141.71,14.13M,-4.22%
2024-08-01,151.18,161.5,163.44,148.2,11.93M,-6.36%
2024-07-31,161.44,164.6,168.5,160.86,7.53M,0.65%
2024-07-30,160.41,168.8,169.5,159.25,9.15M,-4.79%
2024-07-29,168.49,182,183.7,167.13,12.80M,-3.87%
2024-07-26,175.27,170,177.7,168.6,14.14M,9.10%
2024-07-25,160.65,161.65,167.79,150.77,14.77M,-3.96%
2024-07-24,167.27,175,176.95,166.7,13.77M,-2.85%
2024-07-23,172.18,176.4,179.8,171.5,10.75M,-4.35%
2024-07-22,180.01,178.4,181.07,173.61,15.39M,1.21%
2024-07-19,177.85,157.34,178.5,156.5,20.46M,14.36%
2024-07-18,155.52,163.39,163.7,151.63,10.24M,-2.19%
2024-07-17,159,161.1,167.41,153,17.21M,-4.46%
2024-07-16,166.43,161.5,167.58,157.64,15.81M,3.29%
2024-07-15,161.13,152.4,163.9,149.24,24.67M,15.36%
2024-07-12,139.68,133.92,143.54,132.42,10.64M,2.81%
2024-07-11,135.86,139.6,143.2,132.92,13.55M,4.05%
2024-07-10,130.57,131.97,134.5,129.6,6.39M,0.30%
2024-07-09,130.18,131.39,132,127.81,8.97M,0.87%
2024-07-08,129.06,131.45,132.5,125.88,8.74M,0.69%
2024-07-05,128.17,121.55,129.92,120.23,15.03M,-1.56%
2024-07-03,130.21,129.8,132.8,127.35,6.66M,-1.37%
2024-07-02,132.02,136.55,138.44,130.66,9.23M,-3.35%
2024-07-01,136.6,141,143.6,136.31,14.13M,-0.84%
2024-06-28,137.75,151.64,151.9,136.7,34.11M,-9.70%
2024-06-27,152.54,148.5,153.9,146.35,9.31M,4.64%
2024-06-26,145.77,147.23,150.5,144.5,7.50M,-2.54%
2024-06-25,149.57,141.38,149.9,139.34,13.63M,9.01%
2024-06-24,137.21,139.8,144.89,132.55,16.08M,-7.52%
2024-06-21,148.38,142,149.1,140.9,11.49M,1.25%
2024-06-20,146.54,148.21,150.56,142.21,9.10M,-0.27%
2024-06-18,146.94,145.79,151.1,144.6,8.93M,-2.51%
2024-06-17,150.73,149.98,156.9,142.12,12.08M,0.78%
2024-06-14,149.55,150.5,153.8,146.15,13.79M,0.79%
2024-06-13,148.39,156.33,157.38,144.1,21.11M,-7.47%
2024-06-12,160.37,162,169.27,159.18,13.68M,3.10%
2024-06-11,155.55,154.2,156.41,148.66,11.41M,-2.78%
2024-06-10,159.99,157.5,164.78,156.03,7.26M,0.23%
2024-06-07,159.62,167.1,171.77,158.5,12.63M,-3.65%
2024-06-06,165.66,169.86,173.47,164.71,11.62M,-2.25%
2024-06-05,169.47,167.5,171.78,163.62,10.96M,3.41%
2024-06-04,163.88,161.74,169.7,161.5,13.23M,0.70%
2024-06-03,162.74,160.1,165.6,156.04,11.22M,6.75%
2024-05-31,152.45,159.7,161.48,144.2,22.15M,-1.07%
2024-05-30,154.1,165.3,171.5,153.2,14.78M,-4.80%
2024-05-29,161.87,165,165.91,161.12,7.34M,-3.38%
2024-05-28,167.54,165,169.15,161,10.80M,-0.56%
2024-05-24,168.48,154,168.5,152.8,12.07M,9.12%
2024-05-23,154.41,166.92,167,153.03,11.59M,-6.25%
2024-05-22,164.7,166.3,171.8,162.01,10.34M,-0.51%
2024-05-21,165.54,173,174,164.5,12.98M,-4.16%
2024-05-20,172.72,159.7,172.9,155.14,16.72M,9.01%
2024-05-17,158.45,150.1,158.5,146.9,16.53M,10.04%
2024-05-16,144,149.41,151.89,143.54,13.66M,-4.22%
2024-05-15,150.35,137.96,152.03,135.11,20.59M,15.86%
2024-05-14,129.76,122.65,129.87,122.65,9.27M,4.15%
2024-05-13,124.6,121.79,126.42,120.3,8.76M,5.55%
2024-05-10,118.05,129,130.2,117.85,14.04M,-6.58%
2024-05-09,126.36,123,130.3,120.1,10.53M,2.48%
2024-05-08,123.31,119.84,125.99,119,8.59M,-1.93%
2024-05-07,125.75,127.82,131.9,125.13,9.97M,-0.90%
2024-05-06,126.88,127.39,133.9,126.01,13.87M,3.74%
2024-05-03,122.3,120.1,124.2,117.28,15.61M,8.29%
2024-05-02,112.94,105.5,114.23,104.18,15.40M,9.84%
2024-05-01,102.83,101.55,110.93,101,19.25M,-3.45%
2024-04-30,106.5,119.9,121.54,106.32,24.94M,-17.63%
2024-04-29,129.3,125,130.84,122.84,10.13M,0.83%
2024-04-26,128.24,122.5,128.6,120.4,8.81M,3.38%
2024-04-25,124.04,122.6,126.77,120.11,7.73M,-2.00%
2024-04-24,126.57,132.7,134.5,126,9.51M,-5.45%
2024-04-23,133.86,131.1,139.45,129.89,10.48M,1.10%
2024-04-22,132.4,120.9,134.79,120.8,19.41M,12.77%
2024-04-19,117.41,123.7,125.86,116.62,14.75M,-2.82%
2024-04-18,120.82,119.2,128.79,116.84,17.70M,1.69%
2024-04-17,118.81,125.8,126.42,113.2,20.37M,-5.26%
2024-04-16,125.4,130.6,132.85,121.52,17.29M,-6.13%
2024-04-15,133.59,147,149,132.1,16.13M,-9.71%
2024-04-12,147.96,153.5,153.78,143.3,12.91M,-4.65%
2024-04-11,155.18,154.3,157.84,151.01,14.39M,-0.91%
2024-04-10,156.6,138.75,156.6,137.38,19.39M,8.67%
2024-04-09,144.1,147.81,148.02,137.5,16.72M,-4.76%
2024-04-08,151.3,160.21,162.38,149.12,20.57M,5.14%
2024-04-05,143.9,157,167.43,143.2,22.74M,-10.92%
2024-04-04,161.54,169.3,173.97,161.01,20.17M,0.58%
2024-04-03,160.61,158,169.95,156.83,19.77M,1.73%
2024-04-02,157.88,149.2,159.23,146.29,18.55M,-3.54%
2024-04-01,163.67,164.5,169.02,158.66,19.93M,-3.98%
2024-03-28,170.46,194.3,198.9,164.55,45.56M,-11.18%
2024-03-27,191.92,195.3,200,184.2,26.23M,2.25%
2024-03-26,187.7,188.24,190.95,179.2,23.94M,1.13%
2024-03-25,185.6,160.5,187.37,159.44,38.84M,21.86%
2024-03-22,152.3,152,159.45,149,20.84M,-4.77%
2024-03-21,159.93,159.41,170.44,158.1,31.59M,3.41%
2024-03-20,154.65,142.3,155,136.3,33.31M,9.10%
2024-03-19,141.75,132.61,145,123.01,44.64M,-5.67%
2024-03-18,150.28,171.85,173.49,144.5,45.11M,-15.69%
2024-03-15,178.24,160,181.5,157,44.75M,6.29%
2024-03-14,167.68,170.8,174.6,155.08,49.87M,-5.06%
2024-03-13,176.62,166,177.4,162,37.76M,10.85%
2024-03-12,159.34,154.4,159.5,143.8,35.49M,7.35%
2024-03-11,148.42,155,165.71,147.74,41.02M,4.11%
2024-03-08,142.56,132.8,145.17,128.37,37.42M,9.66%
2024-03-07,130,128.5,132.1,122.5,21.68M,4.32%
2024-03-06,124.62,114,128.55,113.11,36.94M,18.57%
2024-03-05,105.1,124.42,133.78,103.51,57.37M,-21.21%
2024-03-04,133.4,120,135.99,119,54.25M,23.59%
2024-03-01,107.94,99.6,108,99.2,26.96M,5.53%
2024-02-29,102.28,99.9,104,96.04,35.21M,6.22%
2024-02-28,96.29,95.2,100.89,91.55,48.39M,10.46%
2024-02-27,87.18,86.61,89,84.18,22.75M,9.46%
2024-02-26,79.65,68.79,80.99,68.79,22.70M,15.86%
2024-02-23,68.74,69.9,70.43,67.81,7.39M,-3.61%
2024-02-22,71.32,68.37,72.32,68,10.43M,6.00%
2024-02-21,67.28,68.43,68.54,66.43,7.03M,-4.56%
2024-02-20,70.5,71.08,72.2,67.03,9.68M,0.77%
2024-02-16,69.96,73.5,74,68.94,13.41M,-2.57%
2024-02-15,71.8,79.24,80.68,70.75,23.83M,-6.74%
2024-02-14,76.99,74.6,77.48,73.42,20.70M,12.22%
2024-02-13,68.6,67.5,70.12,65.56,13.91M,-4.39%
2024-02-12,71.75,65.2,72.53,65.02,23.10M,11.02%
2024-02-09,64.63,62.74,64.89,61.41,24.68M,9.95%
2024-02-08,58.78,53,58.85,52.51,22.63M,15.71%
2024-02-07,50.8,49.95,50.86,46.75,11.00M,2.01%
2024-02-06,49.8,49.33,50.92,49.31,6.90M,1.51%
2024-02-05,49.06,50.2,50.35,48.2,8.60M,-1.90%
2024-02-02,50.01,49.72,50.9,49.1,6.10M,-0.67%
2024-02-01,50.35,50.18,51.51,49.6,6.28M,0.45%
2024-01-31,50.12,50.8,52.79,49.94,9.38M,-3.52%
2024-01-30,51.95,51.7,52.58,50.76,7.39M,1.11%
2024-01-29,51.38,50,52.5,49.02,13.65M,3.90%
2024-01-26,49.45,47,50.1,46.47,14.66M,8.02%
2024-01-25,45.78,45.23,46.4,44.59,6.61M,1.51%
2024-01-24,45.1,46,46.2,44.51,8.23M,0.18%
2024-01-23,45.02,45,45.98,43.87,11.72M,-4.25%
2024-01-22,47.02,46.8,48.4,45.54,11.43M,-2.25%
2024-01-19,48.1,48.45,48.72,46.5,11.77M,-1.15%
2024-01-18,48.66,50,52.2,47.78,16.60M,-2.48%
2024-01-17,49.9,47.42,49.91,47.42,9.77M,3.50%
2024-01-16,48.21,47.9,48.95,46.7,16.45M,-0.70%
2024-01-12,48.55,52.5,52.59,48.1,27.40M,-9.45%
2024-01-11,53.62,59.9,61.1,53.03,25.70M,-5.21%
2024-01-10,56.57,56.67,58.7,55.38,16.41M,-2.01%
2024-01-09,57.73,60,60.28,57.13,14.35M,-3.46%
2024-01-08,59.8,64,64.69,58.65,25.14M,-5.24%
2024-01-05,63.11,64.87,65.4,63,9.32M,-3.77%
2024-01-04,65.58,63.86,66.8,62.85,11.19M,3.92%
2024-01-03,63.11,64.32,65.86,62.53,18.81M,-7.89%
2024-01-02,68.51,69.25,72.78,68,22.07M,8.48%
2023-12-29,63.16,67.48,68,61.72,15.82M,-5.43%
2023-12-28,66.79,65.47,68.93,65.35,15.81M,-0.42%
2023-12-27,67.07,61.38,67.38,61.2,21.27M,11.06%
2023-12-26,60.39,60.95,61.56,59.65,12.05M,-2.48%
2023-12-22,61.92,58.2,62.26,57.87,12.62M,6.41%
2023-12-21,58.19,58.81,59.13,57.44,7.16M,1.48%
2023-12-20,57.35,58.98,59.96,57.21,13.78M,0.38%
2023-12-19,57.13,58.35,59.04,56.45,8.74M,-0.10%
2023-12-18,57.19,56.11,57.9,55.9,8.50M,0.26%
2023-12-15,57.04,57.5,57.52,56.47,9.88M,-2.05%
2023-12-14,58.24,58.8,59,57.56,9.17M,-0.62%
2023-12-13,58.6,55.76,58.6,55.23,9.70M,4.96%
2023-12-12,55.83,56,56.7,54.9,7.12M,0.45%
2023-12-11,55.58,57.41,57.79,54.62,13.41M,-7.27%
2023-12-08,59.94,57.35,59.94,57.28,9.53M,4.96%
2023-12-07,57.11,55.72,57.81,55.21,5.74M,0.39%
2023-12-06,56.89,58.51,58.66,56.61,9.57M,-1.49%
2023-12-05,57.75,56.6,58.99,56.34,14.47M,2.54%
2023-12-04,56.32,56.7,57.78,55,17.53M,6.74%
2023-12-01,52.77,50.35,52.98,50.34,14.04M,5.90%
2023-11-30,49.83,49.8,50.5,48.73,7.41M,-1.74%
2023-11-29,50.71,50.8,51.35,49.7,6.57M,0.24%
2023-11-28,50.59,50.51,51.53,49.83,8.88M,2.12%
2023-11-27,49.54,50.58,51.48,49.53,10.56M,-4.78%
2023-11-24,52.02,51,52.68,50.55,9.07M,2.43%
2023-11-22,50.79,49.4,50.94,48.11,7.34M,3.01%
2023-11-21,49.3,49.8,50.31,48.45,7.96M,-3.05%
2023-11-20,50.85,49.2,51.25,49.2,10.60M,4.59%
2023-11-17,48.62,49.26,49.59,48.34,7.51M,-0.58%
2023-11-16,48.91,49.4,50.28,48.3,11.46M,-3.33%
2023-11-15,50.6,48.63,50.93,48.07,14.50M,5.41%
2023-11-14,48,50.67,50.7,46,16.62M,-4.93%
2023-11-13,50.49,50.2,50.69,48.68,9.25M,-0.84%
2023-11-10,50.92,50.4,51.33,49.45,9.47M,3.06%
2023-11-09,49.41,49.83,53.52,48.59,21.14M,4.12%
2023-11-08,47.45,46.91,47.86,45.85,7.89M,0.20%
2023-11-07,47.35,45.4,47.49,44.9,7.25M,3.03%
2023-11-06,45.96,46.1,47.3,45.1,7.83M,1.25%
2023-11-03,45.4,44.5,46.42,44.14,9.45M,0.07%
2023-11-02,45.36,44.05,45.4,42.4,11.84M,6.32%
2023-11-01,42.67,42.96,43,41.24,7.52M,0.77%
2023-10-31,42.34,41.65,42.38,41.01,6.15M,0.75%
2023-10-30,42.02,42.3,43.47,41,8.26M,3.31%
2023-10-27,40.68,42,42.15,39.82,7.34M,-1.62%
2023-10-26,41.35,42,43,40.62,10.07M,-4.56%
2023-10-25,43.32,43.48,44.95,42.51,12.60M,1.97%
2023-10-24,42.49,40.84,43.9,40.13,22.47M,12.55%
2023-10-23,37.75,35.53,38.39,34.61,12.81M,8.46%
2023-10-20,34.8,35.37,36.2,34.42,8.76M,1.66%
2023-10-19,34.24,33.07,34.88,32.81,5.36M,4.01%
2023-10-18,32.91,33.59,33.83,32.65,3.69M,-1.87%
2023-10-17,33.54,32.13,34.09,32.13,6.15M,2.95%
2023-10-16,32.58,33.8,35.3,32.1,12.58M,2.38%
2023-10-13,31.82,32.76,32.76,31.42,3.97M,-1.66%
2023-10-12,32.36,33.5,33.5,32.09,4.45M,-3.29%
2023-10-11,33.46,33.86,34.03,33.03,3.07M,-1.72%
2023-10-10,34.05,34.12,34.65,33.7,3.87M,0.00%
2023-10-09,34.04,33.15,34.42,33.14,3.81M,-0.05%
2023-10-06,34.06,32,34.18,31.92,4.73M,5.32%
2023-10-05,32.34,32.38,32.8,31.52,4.11M,0.94%
2023-10-04,32.04,31.49,32.39,30.71,4.94M,2.91%
2023-10-03,31.13,32.39,32.6,31.1,6.45M,-5.51%
2023-10-02,32.95,34.66,35.28,32.75,8.54M,0.37%
2023-09-29,32.83,33.27,33.45,32.49,3.92M,-0.19%
2023-09-28,32.89,31.98,33.76,31.57,6.43M,4.21%
2023-09-27,31.56,32.26,32.69,31.01,3.88M,-0.53%
2023-09-26,31.73,32.4,32.9,31.72,3.86M,-3.14%
2023-09-25,32.76,31.95,32.76,31.56,3.85M,1.48%
2023-09-22,32.28,32.47,32.81,32.06,2.83M,-1.00%
2023-09-21,32.61,32.58,32.87,32.16,3.66M,-2.22%
2023-09-20,33.35,34.35,34.43,33.3,3.83M,-1.71%
2023-09-19,33.93,34.41,35.02,33.35,5.58M,-0.40%
2023-09-18,34.06,35.13,35.63,33.9,5.78M,-0.05%
2023-09-15,34.08,34.64,34.64,33.64,4.99M,-1.62%
2023-09-14,34.64,35,36.2,34.6,6.70M,1.33%
2023-09-13,34.18,34.73,35.26,34.06,4.79M,-1.70%
2023-09-12,34.78,35.5,36.76,34.53,7.66M,1.48%
2023-09-11,34.27,35.5,35.66,33.6,7.54M,-3.82%
2023-09-08,35.63,35.24,35.63,34.7,4.59M,0.91%
2023-09-07,35.31,34.65,35.68,33.78,4.93M,0.68%
2023-09-06,35.07,34.95,35.9,34.53,5.73M,0.42%
2023-09-05,34.92,35.15,35.4,34.46,3.01M,-0.63%
2023-09-01,35.15,35.75,36.09,34.66,4.07M,-1.69%
2023-08-31,35.75,37.51,37.57,35.42,6.05M,-3.81%
2023-08-30,37.17,37.51,37.73,36.76,6.05M,-2.58%
2023-08-29,38.15,34.22,38.8,34.19,15.28M,10.79%
2023-08-28,34.44,33.94,35.04,33.85,3.53M,2.48%
2023-08-25,33.6,33.97,34.5,32.9,3.67M,-0.15%
2023-08-24,33.66,34.89,34.95,33.24,5.08M,-2.84%
2023-08-23,34.64,33,35.05,32.75,5.21M,5.13%
2023-08-22,32.95,34.15,34.52,32.8,3.83M,-1.71%
2023-08-21,33.53,33.03,33.7,32.5,4.17M,2.02%
2023-08-18,32.86,33.15,33.86,32.23,11.01M,-5.24%
2023-08-17,34.68,36.16,36.56,34.54,8.06M,-6.19%
2023-08-16,36.97,37.35,37.73,36.63,3.14M,-1.72%
2023-08-15,37.62,38.9,39.27,37.58,4.18M,-3.26%
2023-08-14,38.88,38.16,39.26,37.53,3.82M,1.18%
2023-08-11,38.43,37.8,38.8,37.21,3.34M,1.67%
2023-08-10,37.8,38.03,39.01,37.2,4.11M,0.04%
2023-08-09,37.78,39.6,39.65,37.6,5.12M,-2.99%
2023-08-08,38.95,38,39.6,37.47,7.72M,5.03%
2023-08-07,37.08,37.1,37.36,35.77,6.96M,-1.63%
2023-08-04,37.7,39,39.58,37.44,5.51M,-3.32%
2023-08-03,38.99,40,40.24,38.76,6.53M,-4.28%
2023-08-02,40.73,43.5,43.7,40.12,10.56M,-6.36%
2023-08-01,43.5,43,43.8,42.09,6.69M,-0.66%
2023-07-31,43.79,44,44.28,43.22,4.87M,0.75%
2023-07-28,43.46,43.4,43.87,42.48,4.64M,1.99%
2023-07-27,42.62,45.1,45.25,42.42,5.66M,-3.90%
2023-07-26,44.35,43.68,44.79,43.63,5.30M,1.52%
2023-07-25,43.68,43.09,44.24,43.02,4.48M,1.37%
2023-07-24,43.09,42.76,43.19,41.29,6.55M,-1.31%
2023-07-21,43.67,44.19,44.59,42.65,5.63M,-0.95%
2023-07-20,44.08,45.52,46.13,43.52,6.32M,-2.71%
2023-07-19,45.31,45.18,46.16,44.68,5.50M,1.64%
2023-07-18,44.58,44.95,45.4,43.5,7.84M,-0.91%
2023-07-17,44.99,45.72,46.7,44.44,8.63M,-1.96%
2023-07-14,45.89,45.55,47.51,44.72,17.24M,-0.64%
2023-07-13,46.18,41.8,46.7,41.28,20.78M,11.69%
2023-07-12,41.35,41.8,42.1,40.52,9.24M,0.29%
2023-07-11,41.23,40.1,41.5,39.69,12.05M,1.13%
2023-07-10,40.77,38.12,40.8,37,9.98M,7.08%
2023-07-07,38.07,37.36,39.2,37.36,9.42M,1.11%
2023-07-06,37.65,38.06,38.5,36.2,8.93M,-0.41%
2023-07-05,37.81,36.7,38.3,35.91,11.87M,0.07%
2023-07-03,37.78,34.7,37.83,34.6,11.07M,10.34%
2023-06-30,34.24,35,35.28,32.23,15.26M,0.64%
2023-06-29,34.03,33.56,34.08,32.85,8.57M,4.50%
2023-06-28,32.56,31.99,33.28,31.84,6.59M,0.22%
2023-06-27,32.49,31.23,32.8,31.15,8.77M,6.26%
2023-06-26,30.57,32.4,32.86,30.11,11.27M,-7.10%
2023-06-23,32.91,32.7,33.7,31.73,15.62M,0.57%
2023-06-22,32.72,33.25,33.74,31.31,11.36M,-1.23%
2023-06-21,33.13,32.4,33.8,32.03,19.27M,5.71%
2023-06-20,31.34,30,31.52,28.97,18.94M,6.82%
2023-06-16,29.34,28.5,29.8,28.1,14.23M,5.57%
2023-06-15,27.79,27.42,28.14,26.6,7.86M,-1.75%
2023-06-14,28.29,28.41,28.61,27.67,4.00M,-0.33%
2023-06-13,28.38,28.43,28.49,27.5,4.44M,2.20%
2023-06-12,27.77,27.91,28.17,27.5,3.72M,-1.64%
2023-06-09,28.23,29.35,29.58,28.05,5.68M,-2.96%
2023-06-08,29.09,28.97,29.72,28.36,4.86M,0.04%
2023-06-07,29.08,29.88,30.23,28.8,6.76M,-2.68%
2023-06-06,29.88,27,30.46,26.66,18.78M,8.13%
2023-06-05,27.64,29.45,29.7,27.12,14.04M,-8.53%
2023-06-02,30.21,30.53,30.6,29.06,7.26M,0.73%
2023-06-01,29.99,29.85,30.77,29.56,5.49M,-0.56%
2023-05-31,30.16,29.4,30.28,28.9,6.23M,0.79%
2023-05-30,29.93,30.01,31.36,29.67,9.47M,4.97%
2023-05-26,28.51,27.98,29.49,27.92,6.55M,1.46%
2023-05-25,28.1,28.79,28.88,27.28,8.78M,-1.21%
2023-05-24,28.44,28.2,28.69,27.66,8.06M,-1.69%
2023-05-23,28.93,29.92,30.12,28.83,6.43M,-1.63%
2023-05-22,29.41,28.78,29.71,28.6,5.91M,2.03%
2023-05-19,28.83,29.09,29.2,28.26,3.73M,0.24%
2023-05-18,28.76,28.9,29.72,28,6.70M,-1.03%
2023-05-17,29.06,27.15,29.1,26.93,6.11M,6.26%
2023-05-16,27.34,27.75,28.3,27.24,4.65M,-3.21%
2023-05-15,28.25,28,28.69,27.6,6.51M,4.24%
2023-05-12,27.1,28.49,28.66,26.65,10.85M,-5.70%
2023-05-11,28.74,31.14,31.14,28.48,15.42M,-8.80%
2023-05-10,31.51,31.32,32.56,30.5,12.95M,3.85%
2023-05-09,30.34,29.75,31,28.96,7.22M,2.97%
2023-05-08,29.47,31.11,31.17,29.4,10.43M,-9.81%
2023-05-05,32.67,31.3,32.87,31.2,9.08M,4.64%
2023-05-04,31.22,31.11,32.12,30.75,7.15M,2.62%
2023-05-03,30.42,32.05,32.19,30.17,11.93M,-7.24%
2023-05-02,32.8,31.01,33.29,30.51,13.73M,6.68%
2023-05-01,30.75,32,32.34,30.42,9.06M,-6.37%
2023-04-28,32.84,31.3,32.9,30.81,7.61M,3.06%
2023-04-27,31.86,30.65,31.89,29.6,10.17M,6.40%
2023-04-26,29.95,31.05,32.16,29.63,10.82M,2.94%
2023-04-25,29.09,28.24,29.69,28.01,5.70M,1.96%
2023-04-24,28.53,29.1,29.8,28.3,5.68M,-1.96%
2023-04-21,29.1,29.73,30.05,28.77,6.58M,-1.25%
2023-04-20,29.47,31.03,31.29,29.23,8.26M,-6.36%
2023-04-19,31.47,31.99,32.2,31.29,6.23M,-4.59%
2023-04-18,32.99,32.5,33.4,32.4,10.00M,5.37%
2023-04-17,31.3,32.17,32.25,31.22,7.70M,-6.21%
2023-04-14,33.38,34.28,34.76,32.46,8.72M,-2.05%
2023-04-13,34.07,33.04,34.5,32.7,11.13M,5.54%
2023-04-12,32.28,33.42,33.57,31.83,8.81M,-2.86%
2023-04-11,33.24,32.19,33.78,31.81,14.27M,6.26%
2023-04-10,31.28,29,31.29,28.5,10.03M,7.82%
2023-04-06,29.01,28.65,29.55,27.84,4.26M,-0.25%
2023-04-05,29.08,30.34,30.7,28.35,8.12M,-2.72%
2023-04-04,29.9,29.96,30.14,28.57,6.23M,0.53%
2023-04-03,29.74,29.1,30.1,28.82,7.65M,1.73%
2023-03-31,29.23,28.35,29.54,28,10.38M,4.69%
2023-03-30,27.92,28.79,28.85,27.46,7.08M,-1.69%
2023-03-29,28.4,25.78,28.54,25.55,10.11M,14.41%
2023-03-28,24.83,23.68,24.85,23.25,6.72M,3.89%
2023-03-27,23.9,25.99,26.02,23.07,11.33M,-6.90%
2023-03-24,25.67,25.91,26.35,24.73,6.57M,-2.53%
2023-03-23,26.33,24.9,27.1,24.8,11.25M,6.67%
2023-03-22,24.69,27.6,27.81,24.6,11.13M,-9.70%
2023-03-21,27.34,26.9,27.89,26.07,8.81M,3.57%
2023-03-20,26.4,28.04,28.17,25.84,12.52M,-1.38%
2023-03-17,26.77,25.55,27.4,24.9,20.22M,11.03%
2023-03-16,24.11,22.52,24.51,22.33,7.70M,5.95%
2023-03-15,22.75,22.7,23.5,21.65,6.90M,-0.84%
2023-03-14,22.95,23.91,24.44,22.21,11.30M,2.83%
2023-03-13,22.32,20.2,22.96,19.64,15.33M,16.22%
2023-03-10,19.2,20.58,20.76,18.83,13.30M,-8.92%
2023-03-09,21.08,23.03,23.14,21.01,8.24M,-9.41%
2023-03-08,23.27,23.04,23.49,22.7,4.70M,0.55%
2023-03-07,23.14,23.6,24.1,23.09,4.94M,-2.53%
2023-03-06,23.75,24.93,25.2,23.7,4.77M,-3.83%
2023-03-03,24.69,24.02,25.23,23.68,7.60M,-2.36%
2023-03-02,25.29,24.9,25.39,24.17,4.93M,-1.95%
2023-03-01,25.79,26.39,26.85,25.33,3.45M,-1.66%
2023-02-28,26.23,25.98,26.98,25.6,4.01M,1.40%
2023-02-27,25.86,26.36,26.97,25.58,3.49M,1.11%
2023-02-24,25.58,26.14,26.2,24.89,5.04M,-3.74%
2023-02-23,26.58,27.09,27.56,26.16,3.01M,-1.05%
2023-02-22,26.86,26.64,27.35,26.24,4.21M,-0.50%
2023-02-21,26.99,28.62,29.07,26.75,5.71M,-8.21%
2023-02-17,29.41,28.33,29.74,27.39,5.53M,3.53%
2023-02-16,28.4,29.6,31.5,28.28,9.71M,-4.82%
2023-02-15,29.84,27.56,29.97,27.21,7.14M,10.05%
2023-02-14,27.11,25.1,27.68,24.4,6.73M,8.78%
2023-02-13,24.92,23.9,25.07,23.65,2.89M,2.42%
2023-02-10,24.34,24.6,25.26,24.1,4.36M,-2.28%
2023-02-09,24.9,27.6,27.76,24.56,7.27M,-9.76%
2023-02-08,27.6,28.24,29.04,27.17,3.16M,-2.79%
2023-02-07,28.39,27.98,28.73,27.04,5.01M,0.65%
2023-02-06,28.2,27.43,28.62,27.12,4.21M,-0.95%
2023-02-03,28.48,27.91,30.34,27.84,6.30M,-2.52%
2023-02-02,29.21,27.5,30.29,27.49,10.41M,9.04%
2023-02-01,26.79,25.1,27.36,24.42,6.55M,6.43%
2023-01-31,25.17,24.9,25.78,24.8,3.79M,2.46%
2023-01-30,24.57,25.24,25.89,23.94,5.34M,-4.90%
2023-01-27,25.84,24,26.21,24,6.29M,5.32%
2023-01-26,24.53,25.3,25.5,23.7,4.12M,-0.21%
2023-01-25,24.58,24.04,24.75,23.22,3.75M,-0.67%
2023-01-24,24.75,24.7,25.1,24.18,3.16M,-1.09%
2023-01-23,25.02,24.09,25.05,23.58,7.28M,4.24%
2023-01-20,24,22.42,24.19,21.9,7.30M,8.39%
2023-01-19,22.15,21.68,22.79,21.45,4.94M,0.12%
2023-01-18,22.12,23.7,24.2,20.96,11.38M,-6.24%
2023-01-17,23.59,23.2,23.97,22.27,10.86M,8.73%
2023-01-13,21.7,20.6,22.22,20.27,8.46M,3.24%
2023-01-12,21.02,20.36,21.34,18.93,9.96M,7.91%
2023-01-11,19.48,18.9,19.65,18.41,6.66M,2.51%
2023-01-10,19,17.43,19.1,17,6.52M,8.57%
2023-01-09,17.5,17,18.19,16.54,7.15M,9.07%
2023-01-06,16.05,15.26,16.19,14.71,4.93M,2.48%
2023-01-05,15.66,16.05,16.05,14.98,4.09M,-5.15%
2023-01-04,16.51,14.68,16.57,14.59,10.10M,13.82%
2023-01-03,14.5,14.57,14.65,13.94,6.28M,2.44%
2022-12-30,14.16,13.38,14.21,13.26,7.03M,3.62%
2022-12-29,13.66,13.89,14.3,13.38,7.16M,-1.06%
2022-12-28,13.81,14.7,15.11,13.79,6.92M,-6.53%
2022-12-27,14.77,16,16.01,14.57,7.13M,-9.18%
2022-12-23,16.27,16.55,16.76,16.05,2.86M,-2.14%
2022-12-22,16.62,16.83,16.83,16.09,4.33M,-1.53%
2022-12-21,16.88,16.9,17.21,16.66,2.18M,0.00%
2022-12-20,16.89,17.04,17.54,16.8,3.06M,-0.80%
2022-12-19,17.02,17.23,17.88,16.84,3.68M,-2.04%
2022-12-16,17.38,18.38,18.56,17.23,7.23M,-7.58%
2022-12-15,18.8,19.75,19.9,18.6,4.41M,-7.27%
2022-12-14,20.27,20.3,21.38,20.19,5.29M,0.46%
2022-12-13,20.18,20.65,21.18,19.55,4.39M,2.88%
2022-12-12,19.62,19.9,20.05,19.48,4.08M,-3.49%
2022-12-09,20.33,20.1,20.35,19.64,4.06M,0.34%
2022-12-08,20.26,19.45,20.33,19.02,3.17M,4.69%
2022-12-07,19.35,19.26,19.9,19.03,2.97M,-1.04%
2022-12-06,19.55,19.46,19.78,18.74,3.85M,-0.08%
2022-12-05,19.57,20.85,21.07,18.73,7.71M,-5.45%
2022-12-02,20.69,19.57,21.15,19.53,5.93M,4.00%
2022-12-01,19.9,19.72,20.65,19.6,4.24M,0.45%
2022-11-30,19.81,18.92,19.83,18.1,6.61M,8.84%
2022-11-29,18.2,18.02,18.25,17.56,5.44M,3.02%
2022-11-28,17.67,17.87,18.14,16.92,6.60M,-3.46%
2022-11-25,18.3,17.2,18.3,17.2,2.63M,3.75%
2022-11-23,17.64,16.84,17.67,16.62,4.80M,5.57%
2022-11-22,16.71,16,16.8,15.56,5.86M,6.27%
2022-11-21,15.72,16.5,17.07,15.23,9.08M,-7.58%
2022-11-18,17.01,17.7,17.71,16.21,8.23M,-2.16%
2022-11-17,17.39,16.57,17.55,16.21,5.07M,2.62%
2022-11-16,16.94,16.35,17.05,16,6.82M,-1.22%
2022-11-15,17.15,17.4,17.75,16.51,7.03M,3.39%
2022-11-14,16.59,17.13,17.91,16.43,7.97M,-5.30%
2022-11-11,17.52,16.25,17.81,15.53,16.44M,0.10%
2022-11-10,17.5,18.9,19.84,17.29,19.09M,2.72%
2022-11-09,17.04,19.5,20.91,16.85,27.42M,-19.58%
2022-11-08,21.18,24.8,26.66,19.35,31.24M,-20.55%
2022-11-07,26.66,27.14,27.38,26,3.76M,-3.77%
2022-11-04,27.71,26.11,27.74,25.06,6.71M,11.54%
2022-11-03,24.84,24.2,26.14,24.14,2.62M,0.08%
2022-11-02,24.82,25.89,27.88,24.55,6.43M,-3.49%
2022-11-01,25.72,27.59,27.84,25.72,3.11M,-3.85%
2022-10-31,26.75,27.89,28.39,26.05,3.52M,-4.46%
2022-10-28,28,26.92,28.09,26.46,4.32M,3.49%
2022-10-27,27.06,27.67,27.9,26.5,2.47M,-0.79%
2022-10-26,27.27,26.95,29,26.69,6.66M,1.50%
2022-10-25,26.87,24,27,24,6.40M,13.09%
2022-10-24,23.76,23.3,24.49,22.64,3.51M,2.14%
2022-10-21,23.26,21.85,23.44,21.65,3.63M,5.25%
2022-10-20,22.1,22.82,23.49,21.92,2.68M,-2.24%
2022-10-19,22.61,22.81,23.45,22.4,2.71M,-3.80%
2022-10-18,23.5,23.02,23.53,21.96,6.10M,6.27%
2022-10-17,22.11,22,22.63,21.88,3.34M,5.65%
2022-10-14,20.93,22.33,22.88,20.74,3.90M,-5.09%
2022-10-13,22.05,20.15,22.3,19.81,5.92M,0.99%
2022-10-12,21.84,21.82,21.89,20.55,2.68M,0.93%
2022-10-11,21.64,22.12,22.73,21.22,3.47M,-1.94%
2022-10-10,22.07,21.96,23.19,21.53,3.71M,0.16%
2022-10-07,22.03,23.4,23.6,21.77,3.73M,-8.84%
2022-10-06,24.17,24.22,24.92,23.63,2.70M,-0.21%
2022-10-05,24.22,24.09,24.58,23.24,5.25M,-2.63%
2022-10-04,24.87,23.58,24.91,23.5,6.51M,10.79%
2022-10-03,22.45,21.39,22.84,21.21,4.33M,5.78%
2022-09-30,21.23,20.85,22.6,20.71,4.01M,0.21%
2022-09-29,21.18,21.42,21.63,20.56,3.97M,-3.92%
2022-09-28,22.05,20.76,22.19,20.75,4.66M,6.99%
2022-09-27,20.61,21.28,21.92,20.1,6.75M,2.94%
2022-09-26,20.02,19.18,20.55,19.15,5.85M,4.56%
2022-09-23,19.15,18.87,19.19,18.35,6.00M,-0.45%
2022-09-22,19.23,19.69,19.84,18.62,7.61M,-1.84%
2022-09-21,19.59,19.83,20.83,19.4,6.62M,-0.35%
2022-09-20,19.66,20,20.15,19.34,7.61M,-4.66%
2022-09-19,20.62,19.93,20.71,19.63,8.18M,-0.07%
2022-09-16,20.63,21.15,21.5,20.32,9.95M,-4.89%
2022-09-15,21.69,22.29,23.67,21.6,8.43M,-4.00%
2022-09-14,22.6,23.01,23.13,22.14,5.40M,-2.27%
2022-09-13,23.13,24.18,24.63,22.95,8.11M,-12.07%
2022-09-12,26.3,26.32,26.8,25.01,9.00M,0.39%
2022-09-09,26.2,24.94,26.22,24.51,9.16M,11.71%
2022-09-08,23.45,21.45,23.47,21.17,5.29M,7.27%
2022-09-07,21.86,20.4,22.19,20.38,5.63M,7.03%
2022-09-06,20.42,21.85,22,20.29,8.01M,-6.33%
2022-09-02,21.81,22.61,22.77,21.57,4.24M,-1.29%
2022-09-01,22.09,22,22.85,21.33,5.68M,-4.59%
2022-08-31,23.16,24.83,25.15,22.27,9.37M,-3.61%
2022-08-30,24.02,25,25.3,23.5,4.95M,-1.93%
2022-08-29,24.5,24.14,25.42,24.11,4.93M,-1.70%
2022-08-26,24.92,27.5,27.5,24.8,6.05M,-8.65%
2022-08-25,27.28,27.79,28.05,26.72,2.76M,-0.58%
2022-08-24,27.44,26.57,27.67,26.4,2.49M,3.24%
2022-08-23,26.58,27.19,28.33,25.88,5.32M,-0.85%
2022-08-22,26.81,27.3,27.97,26.61,4.51M,-5.27%
2022-08-19,28.3,29.94,30.4,28.18,7.57M,-12.76%
2022-08-18,32.44,32.1,32.8,31.84,2.45M,-0.25%
2022-08-17,32.52,33.5,33.8,32.01,3.29M,-5.09%
2022-08-16,34.26,34.45,35.03,33.03,3.38M,-1.84%
2022-08-15,34.91,34.65,35.83,34.5,3.05M,-1.07%
2022-08-12,35.28,33.7,35.33,33.1,4.25M,4.70%
2022-08-11,33.7,35.5,36.2,33.01,6.05M,0.35%
2022-08-10,33.58,34.7,34.7,32.75,5.38M,5.14%
2022-08-09,31.94,32,32.65,31.42,3.27M,-3.22%
2022-08-08,33,33.56,35.19,32.74,6.21M,3.40%
2022-08-05,31.92,30.87,33.1,30.54,6.91M,3.18%
2022-08-04,30.93,31.99,33.22,30.45,8.92M,-1.39%
2022-08-03,31.37,28.38,32.46,28.34,12.50M,12.73%
2022-08-02,27.83,28.09,29.52,27.57,6.06M,0.91%
2022-08-01,27.57,27.65,28.75,27.15,5.20M,-3.61%
2022-07-29,28.61,27,28.8,26.76,6.16M,3.75%
2022-07-28,27.57,26,27.68,25.56,5.93M,5.08%
2022-07-27,26.24,24.73,26.82,24.13,7.09M,10.42%
2022-07-26,23.76,24.88,25.6,23.57,6.63M,-10.61%
2022-07-25,26.59,26.7,27.56,26.2,4.83M,-5.70%
2022-07-22,28.19,29.41,29.8,27.39,6.54M,-2.69%
2022-07-21,28.97,27.9,29.05,27.14,8.10M,0.33%
2022-07-20,28.88,27.85,29.95,27.15,16.18M,8.08%
2022-07-19,26.72,23.94,26.88,23.03,11.81M,18.41%
2022-07-18,22.56,23.01,24.66,22.42,10.68M,5.44%
2022-07-15,21.4,20.9,21.42,20.23,4.89M,4.59%
2022-07-14,20.46,19.33,20.55,18.69,7.23M,4.62%
2022-07-13,19.56,18.67,20.33,18.24,5.64M,1.58%
2022-07-12,19.25,19.65,20.34,18.82,5.89M,-4.18%
2022-07-11,20.09,21.04,21.33,19.8,6.98M,-9.22%
2022-07-08,22.13,21.31,23.63,20.67,11.52M,0.82%
2022-07-07,21.95,19.07,22.05,18.98,11.96M,16.57%
2022-07-06,18.83,18.58,19.36,18.32,6.36M,0.32%
2022-07-05,18.77,16.58,18.84,16,8.11M,12.53%
2022-07-01,16.68,16.8,17.22,16.14,7.86M,1.52%
2022-06-30,16.43,17.28,17.54,16.27,7.79M,-8.57%
2022-06-29,17.97,18.03,18.42,17.25,7.62M,-3.44%
2022-06-28,18.61,19.76,20.37,18.47,6.35M,-5.39%
2022-06-27,19.67,20.25,20.61,18.5,7.69M,-4.24%
2022-06-24,20.54,19.5,20.8,19.4,9.96M,9.08%
2022-06-23,18.83,17.7,18.9,16.89,6.69M,10.18%
2022-06-22,17.09,17.73,18.7,16.83,7.52M,-4.53%
2022-06-21,17.9,17.09,19.48,17,11.35M,6.80%
2022-06-17,16.76,15.8,16.86,15.75,12.30M,3.91%
2022-06-16,16.13,16.09,16.7,15.45,11.40M,-5.84%
2022-06-15,17.13,16.02,17.69,15.61,18.77M,9.18%
2022-06-14,15.69,14.9,16.87,14.53,18.93M,3.16%
2022-06-13,15.21,14.93,16.8,14.39,36.77M,-25.22%
2022-06-10,20.34,21.19,21.39,19.78,7.85M,-6.61%
2022-06-09,21.78,23.13,23.35,21.64,5.24M,-6.48%
2022-06-08,23.29,23.69,24.7,23.22,3.11M,-2.96%
2022-06-07,24,22.17,24.25,21.81,6.67M,1.95%
2022-06-06,23.54,24.39,24.88,23.24,5.85M,3.61%
2022-06-03,22.72,23.94,23.94,22.36,4.99M,-7.08%
2022-06-02,24.45,23.28,25.08,23.18,5.96M,2.69%
2022-06-01,23.81,26.14,26.7,23.3,8.71M,-10.05%
2022-05-31,26.47,23.52,27.29,22.85,15.53M,20.65%
2022-05-27,21.94,22.03,23.39,21.28,9.71M,1.53%
2022-05-26,21.61,18.02,22.07,17.61,9.68M,9.09%
2022-05-25,19.81,19.07,20.34,19.03,5.39M,2.64%
2022-05-24,19.3,20.06,20.13,18.44,8.07M,-5.58%
2022-05-23,20.44,21.16,21.5,19.83,8.98M,0.84%
2022-05-20,20.27,21.45,21.95,18.9,9.19M,-3.84%
2022-05-19,21.08,20.48,22.03,19.8,8.01M,6.79%
2022-05-18,19.74,21.69,22.39,19.55,9.95M,-12.23%
2022-05-17,22.49,21,22.6,20.5,10.17M,11.61%
2022-05-16,20.15,20,20.84,19.3,10.09M,-1.52%
2022-05-13,20.46,20.21,22,19.33,25.23M,19.51%
2022-05-12,17.12,15.32,20.53,13.41,46.93M,1.78%
2022-05-11,16.82,20,21.78,16.5,36.19M,-25.41%
2022-05-10,22.55,23.96,24.95,20.84,17.05M,2.92%
2022-05-09,21.91,27.12,27.12,21.41,19.28M,-25.53%
2022-05-06,29.42,30.91,31,28.25,12.08M,-6.45%
2022-05-05,31.45,35.66,35.73,30.56,8.59M,-14.16%
2022-05-04,36.64,35,36.86,32.52,8.10M,6.70%
2022-05-03,34.34,36.4,36.89,34.01,4.75M,-6.15%
2022-05-02,36.59,35.6,36.95,34.37,5.16M,3.30%
2022-04-29,35.42,39.3,41,35.3,5.48M,-11.56%
2022-04-28,40.05,39.3,40.41,36.97,4.05M,3.81%
2022-04-27,38.58,39.32,40.6,38.37,3.07M,-1.33%
2022-04-26,39.1,42.6,42.74,39.03,3.75M,-8.64%
2022-04-25,42.8,40.51,42.8,40.4,3.29M,4.62%
2022-04-22,40.91,42.49,43.7,40.8,3.54M,-4.39%
2022-04-21,42.79,46.1,47.19,42.58,4.16M,-4.70%
2022-04-20,44.9,47.66,47.73,44.65,2.82M,-4.69%
2022-04-19,47.11,45,47.12,44.3,2.85M,5.65%
2022-04-18,44.59,44.78,45.22,43.13,2.52M,-0.73%
2022-04-14,44.92,46.4,46.98,44.64,2.57M,-3.11%
2022-04-13,46.36,44.12,46.66,44.12,2.61M,4.56%
2022-04-12,44.34,44.8,47.61,43.75,4.92M,1.60%
2022-04-11,43.64,44.12,44.75,42.5,3.57M,-3.71%
2022-04-08,45.32,45.91,47.06,45.28,2.75M,-2.24%
2022-04-07,46.36,45.55,46.77,44.6,3.43M,1.87%
2022-04-06,45.51,47.29,47.69,44.76,4.31M,-6.61%
2022-04-05,48.73,50.86,50.86,47.12,4.54M,-2.79%
2022-04-04,50.13,49.17,50.33,48.85,2.67M,2.10%
2022-04-01,49.1,48.96,49.8,47.88,2.71M,0.97%
2022-03-31,48.63,50.49,50.66,48.56,3.33M,-2.88%
2022-03-30,50.07,50.62,51.6,49.7,2.78M,-3.71%
2022-03-29,52,51,52.28,49.54,3.64M,1.96%
2022-03-28,51,49.6,51.23,48.8,4.27M,7.96%
2022-03-25,47.24,49.37,49.39,46.09,4.13M,-2.38%
2022-03-24,48.39,45.97,48.47,45.1,4.39M,7.37%
2022-03-23,45.07,45.52,47.03,44.7,2.54M,-2.00%
2022-03-22,45.99,45.02,46.77,44.88,4.34M,5.36%
2022-03-21,43.65,45.11,45.45,43.03,3.50M,-3.92%
2022-03-18,45.43,43.58,45.69,43.19,7.10M,4.65%
2022-03-17,43.41,42.8,44.21,42.5,3.40M,1.24%
2022-03-16,42.88,40.02,42.95,39.87,5.69M,8.26%
2022-03-15,39.61,36.91,39.62,36.32,3.78M,7.08%
2022-03-14,36.99,38.99,39.29,36.39,4.93M,-5.35%
2022-03-11,39.08,42.7,42.92,39.05,3.54M,-7.20%
2022-03-10,42.11,41.5,42.3,40.65,2.92M,-3.57%
2022-03-09,43.67,44.2,45.45,43.42,4.58M,6.41%
2022-03-08,41.04,39.5,42.5,39.36,4.43M,5.53%
2022-03-07,38.89,41.51,42.5,38.84,4.72M,-5.24%
2022-03-04,41.04,42.5,43.36,40.71,3.41M,-4.27%
2022-03-03,42.87,45.51,46.01,42.61,3.18M,-6.66%
2022-03-02,45.93,45.48,46.97,45.09,4.03M,-1.16%
2022-03-01,46.47,46.51,47.3,44.97,6.57M,4.90%
2022-02-28,44.3,40.16,44.71,40.16,5.98M,9.38%
2022-02-25,40.5,40.3,41.2,39.26,4.07M,2.02%
2022-02-24,39.7,34.02,39.94,33.68,7.31M,8.77%
2022-02-23,36.5,39.05,39.32,36.3,3.66M,-3.36%
2022-02-22,37.77,37.58,39,36.8,4.67M,-4.62%
2022-02-18,39.6,40.46,40.75,38.52,4.69M,-2.13%
2022-02-17,40.46,42.02,42.33,40.19,3.75M,-6.99%
2022-02-16,43.5,42.85,43.75,41.6,3.30M,-0.50%
2022-02-15,43.72,43.1,43.83,42.45,3.14M,6.76%
2022-02-14,40.95,41.47,42.95,40.5,3.42M,-0.36%
2022-02-11,41.1,43.01,44.37,40.55,4.97M,-4.75%
2022-02-10,43.15,43.95,46.3,42.45,6.24M,-3.38%
2022-02-09,44.66,43,44.66,42.22,3.99M,4.98%
2022-02-08,42.54,40.88,42.67,40.35,4.89M,2.88%
2022-02-07,41.35,40.45,43.33,40.4,10.87M,5.59%
2022-02-04,39.16,34.08,39.86,33.97,9.44M,15.14%
2022-02-03,34.01,34,35.68,33.2,5.54M,-2.49%
2022-02-02,34.88,36.67,36.87,33.6,7.40M,-6.49%
2022-02-01,37.3,38.29,39.09,36.27,6.41M,1.36%
2022-01-31,36.8,33.79,37.08,33.3,7.63M,8.55%
2022-01-28,33.9,32.87,34.21,30.72,8.14M,6.10%
2022-01-27,31.95,36,36,31.76,8.74M,-9.67%
2022-01-26,35.37,39.37,39.37,34.59,7.89M,-3.12%
2022-01-25,36.51,37,37.94,35.5,8.32M,-1.46%
2022-01-24,37.05,32,37.3,31.9,15.06M,-1.44%
2022-01-21,37.59,42.28,43.41,36.6,15.71M,-17.84%
2022-01-20,45.75,46.71,49.09,45.55,4.39M,-0.63%
2022-01-19,46.04,48.28,49.2,45.85,4.22M,-1.69%
2022-01-18,46.83,48.48,48.96,46.66,4.09M,-6.27%
2022-01-14,49.96,48.42,50.26,48.18,2.65M,2.04%
2022-01-13,48.96,52.19,52.77,48.75,3.25M,-4.86%
2022-01-12,51.46,52.4,53,51.07,3.62M,1.58%
2022-01-11,50.66,48.23,51.31,47.42,4.74M,5.10%
2022-01-10,48.2,46.37,48.23,44.83,5.60M,-0.21%
2022-01-07,48.3,49.09,50,47.12,4.26M,-3.13%
2022-01-06,49.86,50,50.85,47.78,4.85M,-2.06%
2022-01-05,50.91,54.18,55.25,50.75,5.47M,-7.62%
2022-01-04,55.11,56.02,57.63,53.5,3.95M,-1.29%
2022-01-03,55.83,55.06,56.13,54.3,3.47M,2.53%
2021-12-31,54.45,56.69,57.5,54.33,3.36M,-3.17%
2021-12-30,56.23,55.59,57.55,55.59,3.16M,1.11%
2021-12-29,55.61,56.7,56.99,55.12,2.77M,-2.10%
2021-12-28,56.8,59,59.02,56.26,3.46M,-6.63%
2021-12-27,60.83,60,62.15,59.84,3.13M,1.86%
2021-12-23,59.72,56.83,60,56.3,5.45M,4.77%
2021-12-22,57,56.84,57.85,56.2,2.71M,0.44%
2021-12-21,56.75,56.77,57.48,55.68,2.83M,3.86%
2021-12-20,54.64,55.28,56.36,54.3,3.44M,-4.41%
2021-12-17,57.16,55.35,58.08,52.88,7.47M,0.83%
2021-12-16,56.69,59.57,60.21,55.97,4.02M,-5.30%
2021-12-15,59.86,57.76,60.3,54.8,5.29M,3.14%
2021-12-14,58.04,56.5,58.45,55.65,3.65M,1.54%
2021-12-13,57.16,59.49,59.5,56.56,3.76M,-4.86%
2021-12-10,60.08,61.36,61.95,58.13,3.51M,1.50%
2021-12-09,59.19,62.15,62.53,58.74,3.76M,-7.01%
2021-12-08,63.65,62.37,64.15,61.2,2.27M,1.32%
2021-12-07,62.82,62.1,64.72,62.1,3.97M,5.31%
2021-12-06,59.65,59.49,60.4,56.57,6.40M,-5.47%
2021-12-03,63.1,67.59,68.39,61.62,8.09M,-7.67%
2021-12-02,68.34,69.15,71.19,66.71,5.00M,-3.13%
2021-12-01,70.55,73.26,74.4,70,7.66M,-2.20%
2021-11-30,72.14,69.83,72.66,69,6.64M,3.72%
2021-11-29,69.55,69,70.45,67.13,5.87M,4.90%
2021-11-26,66.3,68.13,68.13,65.5,3.72M,-5.41%
2021-11-24,70.09,68.8,70.4,68.1,5.56M,0.59%
2021-11-23,69.68,69.43,70.9,68.07,3.46M,0.99%
2021-11-22,69,72.47,72.58,68.84,4.00M,-3.94%
2021-11-19,71.83,73.51,73.9,71.8,4.35M,-1.25%
2021-11-18,72.74,75.05,75.05,71.7,5.01M,-3.40%
2021-11-17,75.3,76.36,76.5,73.7,3.58M,0.13%
2021-11-16,75.2,76.85,78,74.84,4.94M,-5.41%
2021-11-15,79.5,82,82,78.13,3.91M,-2.06%
2021-11-12,81.17,81.1,81.26,78.59,4.63M,-0.82%
2021-11-11,81.84,81.23,83.7,80.7,2.88M,0.26%
2021-11-10,81.63,88,88,80.37,5.57M,-4.97%
2021-11-09,85.9,88.45,89.14,83.5,5.31M,-0.12%
2021-11-08,86,84.2,87.32,84.03,7.18M,7.84%
2021-11-05,79.75,80.39,81.2,77.91,6.19M,-0.31%
2021-11-04,80,81,82.87,79,3.77M,-1.27%
2021-11-03,81.03,78.16,81.76,77.82,6.66M,2.04%
2021-11-02,79.41,75.7,84.1,74.1,14.87M,7.88%
2021-11-01,73.61,72.1,74.53,71.12,4.41M,2.94%
2021-10-29,71.51,72.41,73.72,69.14,6.98M,-0.28%
2021-10-28,71.71,72.89,74.8,70.8,6.71M,0.29%
2021-10-27,71.5,72,72.88,70.96,3.65M,-2.71%
2021-10-26,73.49,74.03,75.47,73.25,3.23M,-1.49%
2021-10-25,74.6,73.64,75.55,73.3,3.81M,3.83%
2021-10-22,71.85,73.14,73.85,70.7,3.69M,-2.30%
2021-10-21,73.54,75.29,75.95,72.96,4.65M,-3.01%
2021-10-20,75.82,73.5,77.71,73.16,7.38M,4.26%
2021-10-19,72.72,74.22,75.07,70.1,7.49M,-1.68%
2021-10-18,73.96,74.8,75.74,73.81,5.83M,-1.36%
2021-10-15,74.98,74,76.2,73.4,7.32M,3.58%
2021-10-14,72.39,73.87,74.09,71.85,2.80M,-0.33%
2021-10-13,72.63,71,72.74,70.35,2.92M,2.21%
2021-10-12,71.06,72.84,73.96,70.19,4.13M,-2.90%
2021-10-11,73.18,72,75.2,71.83,5.77M,3.24%
2021-10-08,70.88,69.92,71.28,69.05,6.86M,2.31%
2021-10-07,69.28,66.5,69.38,66.37,5.03M,2.82%
2021-10-06,67.38,67,68.24,65,7.12M,3.50%
2021-10-05,65.1,62.03,65.25,61.28,4.49M,7.20%
2021-10-04,60.73,61.15,61.36,58.28,4.36M,-0.85%
2021-10-01,61.25,61.56,61.56,59.23,5.11M,5.90%
2021-09-30,57.84,58.21,59.73,57.44,3.17M,2.14%
2021-09-29,56.63,58.07,58.65,56.53,2.93M,-1.26%
2021-09-28,57.35,58.52,59,57.16,3.38M,-3.58%
2021-09-27,59.48,60.33,60.6,58.97,2.76M,-0.77%
2021-09-24,59.94,58,60.23,57.5,4.68M,-2.79%
2021-09-23,61.66,60.67,61.78,59.87,3.98M,2.84%
2021-09-22,59.96,58.94,60.5,58.48,3.78M,3.20%
2021-09-21,58.1,58.89,59.42,57.6,4.63M,-1.26%
2021-09-20,58.84,57.44,59.31,56.83,7.76M,-4.22%
2021-09-17,61.43,63.3,63.45,61.2,21.57M,-2.95%
2021-09-16,63.3,63.21,63.32,61.15,5.11M,0.00%
2021-09-15,63.3,62.8,64.24,62.05,5.65M,2.34%
2021-09-14,61.85,64.5,65.1,61.29,5.73M,-3.77%
2021-09-13,64.27,60.9,64.27,60.03,9.33M,4.40%
2021-09-10,61.56,63.81,64.44,61.2,6.83M,-3.90%
2021-09-09,64.06,64.51,65.38,63.24,6.51M,0.31%
2021-09-08,63.86,64.81,65.89,63.06,8.22M,-1.45%
2021-09-07,64.8,69.9,70.2,64.48,18.09M,-9.03%
2021-09-03,71.23,71.61,72.8,70.35,7.38M,2.39%
2021-09-02,69.57,72.29,73.27,69.5,7.36M,-0.97%
2021-09-01,70.25,70,71.7,69.1,8.25M,1.18%
2021-08-31,69.43,70.23,70.5,68.71,5.31M,-1.24%
2021-08-30,70.3,70.26,70.83,69.4,5.29M,-0.59%
2021-08-27,70.72,69.95,72.11,69.5,8.11M,1.95%
2021-08-26,69.37,71.2,71.45,69.16,5.71M,-4.54%
2021-08-25,72.67,71.47,73.51,70.5,6.65M,1.57%
2021-08-24,71.55,71.79,71.79,69.12,8.11M,-0.42%
2021-08-23,71.85,74.19,74.78,71.01,8.14M,0.27%
2021-08-20,71.66,68.62,72.8,68.3,9.82M,5.96%
2021-08-19,67.63,64.63,67.86,64.14,6.73M,3.25%
2021-08-18,65.5,65.91,67.8,65.27,5.47M,-1.31%
2021-08-17,66.37,69.11,70,65.75,6.62M,-4.85%
2021-08-16,69.75,74,74.1,69.22,6.73M,-4.19%
2021-08-13,72.8,74.5,75.39,72.61,6.57M,0.97%
2021-08-12,72.1,72.47,73.08,71.24,7.21M,-3.55%
2021-08-11,74.75,76.22,77.09,74.01,7.28M,-0.40%
2021-08-10,75.05,76.66,77.7,74.42,7.97M,-2.24%
2021-08-09,76.77,79.63,79.8,76.27,14.21M,2.54%
2021-08-06,74.87,72,75.1,70.13,13.12M,4.63%
2021-08-05,71.56,64.36,72.97,63.37,11.67M,6.66%
2021-08-04,67.09,63.03,67.5,63,10.01M,7.33%
2021-08-03,62.51,63.46,63.46,60.51,8.44M,-1.99%
2021-08-02,63.78,62.26,65.9,61.51,12.55M,1.88%
2021-07-30,62.6,61.56,63.55,60.69,6.33M,0.16%
2021-07-29,62.5,64.19,64.86,61.94,5.80M,-3.36%
2021-07-28,64.67,66.39,67.7,63.22,10.82M,2.55%
2021-07-27,63.06,66.38,67.75,62.23,9.70M,-7.60%
2021-07-26,68.25,62.1,69.5,62.03,20.17M,26.46%
2021-07-23,53.97,55.84,56.59,53.34,5.75M,-2.91%
2021-07-22,55.59,55.54,56.81,53.5,7.11M,-0.18%
2021-07-21,55.69,54,56.98,52.83,10.99M,10.98%
2021-07-20,50.18,48.8,50.59,47.24,7.35M,0.62%
2021-07-19,49.87,50.77,52.25,49.2,7.29M,-4.66%
2021-07-16,52.31,54.39,54.64,52.05,6.09M,-3.31%
2021-07-15,54.1,54.7,55.99,52.51,7.34M,-3.46%
2021-07-14,56.04,58.5,59.04,56.04,6.27M,-3.36%
2021-07-13,57.99,58.56,59.7,57.3,7.18M,-1.49%
2021-07-12,58.87,63.23,63.24,58.52,8.26M,-6.36%
2021-07-09,62.87,62.19,63.59,61.52,3.94M,1.67%
2021-07-08,61.84,60.3,62.53,59.47,5.18M,-3.36%
2021-07-07,63.99,64.5,64.72,62.32,4.51M,0.88%
2021-07-06,63.43,65.21,65.35,62.13,4.86M,-0.20%
2021-07-02,63.56,65.9,66.19,63.43,5.29M,-2.35%
2021-07-01,65.09,65.06,65.72,63.71,5.87M,-2.05%
2021-06-30,66.45,64.5,66.9,63.74,8.59M,-0.67%
2021-06-29,66.9,65,69.3,64.7,16.14M,7.18%
2021-06-28,62.42,57.03,62.95,56.59,17.30M,13.47%
2021-06-25,55.01,56.75,57.12,53.98,10.05M,-5.46%
2021-06-24,58.19,57,59,56.1,7.93M,5.23%
2021-06-23,55.3,57.95,58.66,55.12,10.56M,-0.13%
2021-06-22,55.37,53.5,56.42,51.3,25.67M,-5.14%
2021-06-21,58.37,59.92,61.4,57.7,13.78M,-9.71%
2021-06-18,64.65,61.6,64.77,61.55,15.44M,2.49%
2021-06-17,63.08,61.74,64.2,61.26,8.85M,1.77%
2021-06-16,61.98,61.66,63.99,60.88,10.39M,-1.70%
2021-06-15,63.05,60.2,63.58,58.92,13.10M,5.35%
2021-06-14,59.85,54.4,60.57,54.4,15.57M,15.90%
2021-06-11,51.64,51.3,52.1,50.4,5.00M,1.51%
2021-06-10,50.87,51.24,52.99,49.59,9.54M,-0.84%